,year,month,ticker,list_date,company_name,icb_industry,icb_supersector,country_of_incorporation,market_cap,eps,p/e,p/s,datetime
31,2017,11,ACC,2005-06-28,ACCESS INTELLIGENCE PLC,Technology,Technology,United Kingdom,12.760308,-0.08,-4.9844953125,0.251875,2017-11-01
100,2017,11,AMO,2004-06-09,AMINO TECHNOLOGIES PLC,Technology,Technology,United Kingdom,137.250417,0.19,9.895487887527036,1.3150684931506849,2017-11-01
1007,2017,11,KBT,2001-03-28,K3 BUSINESS TECHNOLOGY GROUP PLC,Technology,Technology,United Kingdom,71.935664,-0.2,-8.364612093023256,2.744186046511628,2017-11-01
1746,2017,11,TEK,2014-04-04,TEKCAPITAL PLC,Technology,Technology,United Kingdom,12.796412,0.1,2.9759097674418604,0.16372093023255815,2017-11-01
3356,2017,1,ETX,2007-11-28,E-THERAPEUTICS PLC                 ,Pharmaceuticals & Biotechnology,Biotechnology,United Kingdom,22.73789869875,-0.04,-2.1210726398087685,0.0,2017-01-01
3957,2016,6,ABC,2005-11-03,ABCAM                              ,Pharmaceuticals & Biotechnology,Biotechnology,United Kingdom,1533.122429,0.21,35.963463030729535,0.8472906403940886,2016-06-01
4188,2016,6,BVXP,2014-04-29,BIOVENTIX PLC                      ,Pharmaceuticals & Biotechnology,Biotechnology,United Kingdom,48.61521088,0.83,11.598523411666465,1.093069306930693,2016-06-01
4201,2016,6,BLTG,2007-04-03,BLANCCO TECHNOLOGY GROUP PLC       ,Software & Computer Services,Software,United Kingdom,145.00646919999997,-0.03,-83.33705126436782,0.3620689655172414,2016-06-01
4347,2016,6,CLIN,2012-09-25,CLINIGEN GROUP PLC                 ,Pharmaceuticals & Biotechnology,Biotechnology,United Kingdom,682.6476117999998,0.3,19.786887298550727,2.9565217391304346,2016-06-01
4391,2016,6,CRW,2007-09-13,CRANEWARE PLC                      ,Software & Computer Services,Software,United Kingdom,212.7645827,0.41,19.219926169828366,1.851851851851852,2016-06-01
4451,2016,6,DNL,2015-12-24,DIURNAL GROUP PLC                  ,Pharmaceuticals & Biotechnology,Biotechnology,United Kingdom,75.96665435,-0.14,-10.238093578167117,0.0,2016-06-01
4460,2016,6,DOTD,2011-03-29,DOTDIGITAL GROUP PLC               ,Software & Computer Services,Internet,United Kingdom,119.3675895,0.02,20.30061045918368,0.09183673469387756,2016-06-01
4483,2016,6,EYE,2014-04-16,EAGLE EYE SOLUTIONS LTD            ,Software & Computer Services,Internet,United Kingdom,24.48490603,-0.16,-6.955939213068183,0.29363636363636364,2016-06-01
4669,2016,6,GNS,2007-11-12,GENUS                              ,Pharmaceuticals & Biotechnology,Biotechnology,United Kingdom,946.8142015,0.54,28.743600531268967,6.360655737704918,2016-06-01
5146,2016,6,MOS,2006-02-15,MOBILE STREAMS                     ,Mobile Telecommunications,Mobile Telecommunications,United Kingdom,1.5159450490000002,-0.04,-1.02428719527027,0.35135135135135137,2016-06-01
5203,2016,6,NET,2010-07-30,NETCALL                            ,Software & Computer Services,Software,United Kingdom,69.05812221,0.01,49.68210230935252,0.1223021582733813,2016-06-01
5240,2016,6,NAR,2013-09-02,NORTHAMBER                         ,Technology Hardware & Equipment,Computer Hardware,United Kingdom,8.72920785,-0.04,-8.082599861111111,2.2962962962962963,2016-06-01
6904,2014,10,IDOX,2007-06-05,IDOX                               ,Software & Computer Services,Software,United Kingdom,139.26410269999997,0.02,19.559564985955056,0.17134831460674158,2014-10-01
7219,2014,10,MCRO,2013-10-28,MICRO FOCUS INTERNATIONAL          ,Software & Computer Services,Software,United Kingdom,1373.629929,1.19,11.543108647058823,4.33,2014-10-01
10205,2014,9,ACT,2014-02-13,ACTUAL EXPERIENCE PLC              ,Software & Computer Services,Software,United Kingdom,51.51501,-0.04,-44.40949137931034,0.019655172413793102,2014-09-01
11193,2014,9,IXI,2013-10-15,IXICO PLC                          ,Pharmaceuticals & Biotechnology,Biotechnology,United Kingdom,7.37890118,-0.11,-4.472061321212121,0.2273333333333333,2014-09-01
11202,2014,9,JEL,2064-02-28,JERSEY ELECTRICITY PLC             ,Electricity,Electricity,Jersey,38.8776,0.25,5.016464516129032,3.161290322580645,2014-09-01
11579,2014,9,OMG,2001-04-10,OMG                                ,Software & Computer Services,Software,United Kingdom,32.02358246,0.01,28.339453504424768,0.2300884955752213,2014-09-01
11866,2014,9,SGE,2013-06-10,SAGE GROUP                         ,Software & Computer Services,Software,United Kingdom,4120.879283,0.2,19.060496221091586,1.2525439407955596,2014-09-01
11872,2014,9,SND,2004-12-16,SANDERSON GROUP                    ,Software & Computer Services,Computer Services,United Kingdom,36.22275136,0.04,16.769792296296295,0.2962962962962963,2014-09-01
12981,2015,5,FTC,1994-10-24,FILTRONIC                          ,Technology Hardware & Equipment,Telecommunications Equipment,United Kingdom,11.59070916,-0.1,-1.073213811111111,0.16666666666666666,2015-05-01
13601,2015,5,NCC,2007-07-13,NCC GROUP                          ,Software & Computer Services,Computer Services,United Kingdom,438.2133619,0.08,23.91994333515284,0.5851528384279476,2015-05-01
14438,2018,3,ADT,2006-02-15,ADEPT TELECOM PLC,Telecommunications,Telecommunications,United Kingdom,77.03095400000002,0.18,17.831239351851853,1.9166666666666667,2018-03-01
14573,2018,3,AVV,1996-12-05,AVEVA GROUP PLC,Technology,Technology,United Kingdom,3080.671618,0.64,29.89782237965839,3.0186335403726714,2018-03-01
14704,2018,3,BT.A,1984-12-03,BT GROUP PLC,Telecommunications,Telecommunications,United Kingdom,22572.328677,0.3,7.583258979036485,2.393267486393872,2018-03-01
14747,2018,3,CTP,2006-05-22,CASTLETON TECHNOLOGY PLC,Technology,Technology,United Kingdom,58.970149,0.05,14.92915164556962,0.2911392405063291,2018-03-01
14810,2018,3,CML,1996-07-18,CML MICROSYSTEMS PLC,Technology,Technology,United Kingdom,88.72251999999996,0.24,21.745715686274508,1.8823529411764703,2018-03-01
14869,2018,3,D4T4,2008-06-16,D4T4 SOLUTIONS PLC,Technology,Technology,United Kingdom,45.045647,0.08,14.817647039473686,0.4736842105263158,2018-03-01
14939,2018,3,ECK,2003-06-27,ECKOH PLC,Technology,Technology,United Kingdom,103.382117,0.01,40.862496837944654,0.1067193675889328,2018-03-01
15100,2018,3,GBG,2010-08-27,GB GROUP PLC,Technology,Technology,United Kingdom,615.9854,0.16,25.162802287581698,0.7843137254901961,2018-03-01
15150,2018,3,GRC,2018-03-05,GRC INTERNATIONAL GROUP PLC,Technology,Technology,United Kingdom,84.757837,0.01,148.69795964912282,0.2807017543859649,2018-03-01
15272,2018,3,IMO,2014-06-27,IMIMOBILE PLC,Technology,Technology,United Kingdom,162.554979,0.02,131.092725,1.7903225806451613,2018-03-01
15306,2018,3,IGP,2001-01-08,INTERCEDE GROUP PLC,Technology,Technology,United Kingdom,12.115747,-0.08,-3.02893675,0.184,2018-03-01
15326,2018,3,IOM,2000-04-19,IOMART GROUP PLC,Technology,Technology,United Kingdom,393.650923,0.11,33.13559957912458,0.9074074074074074,2018-03-01
15394,2018,3,KNOS,2015-07-10,KAINOS GROUP PLC,Technology,Technology,United Kingdom,401.048809,0.1,33.70158058823529,0.8151260504201681,2018-03-01
15858,2018,3,RCN,2013-12-06,REDCENTRIC PLC,Technology,Technology,United Kingdom,116.325546,0.01,78.07083624161073,0.6711409395973155,2018-03-01
15886,2018,3,RICO,2008-11-05,RICOH CO LTD,Technology,Technology,Japan,5222.800435,-14.0,-0.5145616192118226,2846.017931034483,2018-03-01
16024,2018,3,SOPH,2015-06-26,SOPHOS GROUP PLC,Technology,Technology,United Kingdom,2026.009207,-0.1,-43.29079502136752,1.3653846153846154,2018-03-01
16043,2018,3,SRT,2005-11-02,SRT MARINE SYSTEMS PLC,Technology,Technology,United Kingdom,25.35687,-0.04,-4.952513671875,0.041640625,2018-03-01
16102,2018,3,SYS,2013-01-14,SYSGROUP PLC,Technology,Technology,United Kingdom,9.819157,0.03,14.23066231884058,0.43478260869565216,2018-03-01
16104,2018,3,TALK,2010-03-29,TALKTALK TELECOM GROUP PLC,Telecommunications,Telecommunications,United Kingdom,1327.380278,0.03,38.6090831297266,1.400523560209424,2018-03-01
16121,2018,3,TEP,2000-07-26,TELECOM PLUS PLC,Telecommunications,Telecommunications,United Kingdom,957.977466,0.39,31.49169842209073,10.166666666666666,2018-03-01
16177,2018,3,TRAK,2005-11-29,TRAKM8 HOLDINGS PLC,Technology,Technology,United Kingdom,33.599603,0.05,18.66644611111111,0.8055555555555556,2018-03-01
16183,2018,3,TRD,1996-03-21,TRIAD GROUP PLC,Technology,Technology,United Kingdom,8.583838,0.1,5.36489875,1.75,2018-03-01
16257,2018,3,VNET,2006-10-26,VIANET GROUP PLC,Technology,Technology,United Kingdom,37.171649,0.08,16.594486160714286,0.5357142857142857,2018-03-01
16269,2018,3,VOD,1988-10-26,VODAFONE GROUP PLC,Telecommunications,Telecommunications,United Kingdom,51809.351606,0.16,12.138568283756936,1.7458014694856798,2018-03-01
16344,2018,3,ZOO,2001-05-14,ZOO DIGITAL GROUP PLC,Technology,Technology,United Kingdom,71.929314,-0.07,-13.885967953667956,0.3918918918918919,2018-03-01
16521,2016,7,AVCT,2006-08-08,AVACTA GROUP PLC                   ,Pharmaceuticals & Biotechnology,Biotechnology,United Kingdom,57.78471829,-0.07,-12.13964669957983,0.031911764705882355,2016-07-01
16664,2016,7,C4XD,2014-10-23,C4X DISCOVERY HLDG PLC             ,Pharmaceuticals & Biotechnology,Biotechnology,United Kingdom,39.44575824,-0.17,-7.031329454545455,0.008484848484848486,2016-07-01
17801,2016,7,PHD,2006-06-01,PROACTIS HLDGS                     ,Software & Computer Services,Software,United Kingdom,45.28100547,0.07,16.171787667857142,0.475,2016-07-01
18032,2016,7,SCT,2015-11-18,SOFTCAT PLC                        ,Software & Computer Services,Computer Services,United Kingdom,685.5915346,0.18,19.33422263395375,3.411167512690356,2016-07-01
18190,2016,7,TRCS,2008-08-05,TRACSIS PLC                        ,Software & Computer Services,Software,United Kingdom,119.6839161,0.13,32.880196730769235,0.8571428571428571,2016-07-01
22502,2019,3,ADT,2006-02-15,ADEPT TECHNOLOGY GROUP PLC,Telecommunications,Telecommunications,United Kingdom,76.08,0.12,26.41666666666667,2.125,2019-03-01
22643,2019,3,AVV,1996-12-05,AVEVA GROUP PLC,Technology,Technology,United Kingdom,5203.14,0.37,87.34497230149404,4.7639751552795015,2019-03-01
22783,2019,3,BT.A,1984-12-03,BT GROUP PLC,Telecommunications,Telecommunications,United Kingdom,22122.91,0.29,7.687785604325723,2.364103597702308,2019-03-01
22826,2019,3,CTP,2006-05-22,CASTLETON TECHNOLOGY PLC,Technology,Technology,United Kingdom,78.74,0.05,19.20487804878049,0.3170731707317073,2019-03-01
22892,2019,3,CML,1996-07-18,CML MICROSYSTEMS PLC,Technology,Technology,United Kingdom,47.64,0.15,18.682352941176468,1.6470588235294117,2019-03-01
22949,2019,3,D4T4,2008-06-16,D4T4 SOLUTIONS PLC,Technology,Technology,United Kingdom,100.8,0.15,17.230769230769234,0.6410256410256411,2019-03-01
23174,2019,3,GBG,2010-08-27,GB GROUP PLC,Technology,Technology,United Kingdom,941.46,0.59,8.267849301835428,0.7461139896373057,2019-03-01
23347,2019,3,IMO,2014-06-27,IMIMOBILE PLC,Technology,Technology,United Kingdom,194.08,-0.01,-289.6716417910448,2.1343283582089554,2019-03-01
23384,2019,3,IGP,2001-01-08,INTERCEDE GROUP PLC,Technology,Technology,United Kingdom,8.2,0.01,16.4,0.2,2019-03-01
23403,2019,3,IOM,2000-04-19,IOMART GROUP PLC,Technology,Technology,United Kingdom,378.21,0.12,29.18287037037037,0.9629629629629628,2019-03-01
23474,2019,3,KNOS,2015-07-10,KAINOS GROUP PLC,Technology,Technology,United Kingdom,667.94,0.14,39.4297520661157,1.2479338842975207,2019-03-01
23982,2019,3,RICO,2008-11-05,RICOH CO LTD,Technology,Technology,Japan,5402.4,103.0,0.07234549715433546,2776.8662068965527,2019-03-01
24132,2019,3,SOPH,2015-06-26,SOPHOS GROUP PLC,Technology,Technology,United Kingdom,1447.11,0.05,60.04605809128632,1.475103734439834,2019-03-01
24149,2019,3,SRT,2005-11-02,SRT MARINE SYSTEMS PLC,Technology,Technology,United Kingdom,47.12,0.02,15.398692810457515,0.13725490196078433,2019-03-01
24209,2019,3,SYS,2013-01-14,SYSGROUP PLC,Technology,Technology,United Kingdom,19.52,-0.01,-39.83673469387755,0.2653061224489796,2019-03-01
24211,2019,3,TALK,2010-03-29,TALKTALK TELECOM GROUP PLC,Telecommunications,Telecommunications,United Kingdom,1264.34,0.06,18.387725421756834,1.404013961605585,2019-03-01
24234,2019,3,TEP,2000-07-26,TELECOM PLUS PLC,Telecommunications,Telecommunications,United Kingdom,1190.64,0.42,36.34432234432235,10.307692307692307,2019-03-01
24255,2019,3,TPX,2018-12-04,THE PANOPLY HOLDINGS PLC,Technology,Technology,United Kingdom,42.3,-0.02,-51.585365853658544,0.1987804878048781,2019-03-01
24292,2019,3,TRAK,2005-11-29,TRAKM8 HOLDINGS PLC,Technology,Technology,United Kingdom,10.49,-0.04,-5.245,0.38,2019-03-01
24299,2019,3,TRD,1996-03-21,TRIAD GROUP PLC,Technology,Technology,United Kingdom,6.23,0.06,6.489583333333334,1.4375,2019-03-01
24370,2019,3,VNET,2006-10-26,VIANET GROUP PLC,Technology,Technology,United Kingdom,32.95,0.08,14.709821428571427,0.5714285714285714,2019-03-01
24380,2019,3,VOD,1988-10-26,VODAFONE GROUP PLC,Telecommunications,Telecommunications,United Kingdom,38068.07,-0.07,-19.97170662609517,1.603598971722365,2019-03-01
24457,2019,3,ZOO,2001-05-14,ZOO DIGITAL GROUP PLC,Technology,Technology,United Kingdom,44.65,0.02,30.16891891891892,0.3918918918918919,2019-03-01
25159,2014,5,FTC,1994-10-24,FILTRONIC                          ,Technology Hardware & Equipment,Telecommunications Equipment,United Kingdom,40.80895517,-0.02,-20.82089549489796,0.33673469387755106,2014-05-01
26612,2015,9,ACT,2014-02-13,ACTUAL EXPERIENCE PLC              ,Software & Computer Services,Software,United Kingdom,96.56997788,-0.07,-37.285705745173736,0.01891891891891892,2015-09-01
26817,2015,9,BMK,2013-12-18,BENCHMARK HLDGS PLC                ,Pharmaceuticals & Biotechnology,Biotechnology,United Kingdom,211.6535417,-0.06,-16.107575471841706,0.2009132420091324,2015-09-01
27568,2015,9,IXI,2013-10-15,IXICO PLC                          ,Pharmaceuticals & Biotechnology,Biotechnology,United Kingdom,4.74357933,-0.06,-5.270643700000001,0.208,2015-09-01
27577,2015,9,JEL,2064-02-28,JERSEY ELECTRICITY PLC             ,Electricity,Electricity,Jersey,52.38,0.33,5.120234604105572,3.2258064516129035,2015-09-01
27944,2015,9,OMG,2001-04-10,OMG                                ,Software & Computer Services,Software,United Kingdom,48.44185418,0.04,10.350823542735043,0.2222222222222222,2015-09-01
28076,2015,9,PVG,2015-02-27,PREMIER VETERINARY GROUP PLC       ,Pharmaceuticals & Biotechnology,Biotechnology,United Kingdom,15.3469503,-0.17,-6.448298445378151,0.16071428571428573,2015-09-01
28159,2015,9,REDX,2015-03-27,REDX PHARMA LTD                    ,Pharmaceuticals & Biotechnology,Biotechnology,United Kingdom,65.95592714,-0.15,-6.764710475897435,0.0,2015-09-01
28231,2015,9,SGE,2013-06-10,SAGE GROUP                         ,Software & Computer Services,Software,United Kingdom,5628.375874,0.25,20.86515615940685,1.330861909175162,2015-09-01
28235,2015,9,SND,2004-12-16,SANDERSON GROUP                    ,Software & Computer Services,Computer Services,United Kingdom,35.21735475,0.04,16.007888522727274,0.34545454545454546,2015-09-01
29879,2017,7,NANO,2015-05-01,NANOCO GROUP PLC,Technology,Technology,United Kingdom,89.354665,-0.04,-9.385994222689076,0.0055882352941176465,2017-07-01
30079,2017,7,PHD,2006-06-01,PROACTIS HOLDINGS PLC,Technology,Technology,United Kingdom,95.70443,0.04,47.852215,0.5,2017-07-01
30299,2017,7,SCT,2015-11-13,SOFTCAT PLC,Technology,Technology,United Kingdom,790.424572,0.2,19.960216464646464,4.2020202020202015,2017-07-01
30459,2017,7,TRCS,2008-08-05,TRACSIS PLC,Technology,Technology,United Kingdom,124.438839,0.14,31.744601785714284,1.2142857142857142,2017-07-01
31946,2014,8,MXCP,2007-03-06,MXC CAPITAL PLC                    ,Mobile Telecommunications,Mobile Telecommunications,United Kingdom,23.07962272,-0.04,-23.07962272,0.0,2014-08-01
34742,2016,11,ACC,2005-06-28,ACCESS INTELLIGENCE                ,Software & Computer Services,Computer Services,United Kingdom,13.0835299,-0.08,-5.6394525431034515,0.31413793103448273,2016-11-01
34808,2016,11,AMO,2004-06-09,AMINO TECHNOLOGIES                 ,Technology Hardware & Equipment,Telecommunications Equipment,United Kingdom,126.186984,0.13,13.481515384615385,1.3055555555555556,2016-11-01
35711,2016,11,KBT,2001-03-28,K3 BUSINESS TECHNOLOGY GROUP       ,Software & Computer Services,Software,United Kingdom,111.4241825,0.17,18.206565767973853,2.4722222222222223,2016-11-01
36028,2016,11,OPTI,2014-08-05,OPTIBIOTIX HEALTH PLC              ,Pharmaceuticals & Biotechnology,Biotechnology,United Kingdom,50.83028145,-0.02,-32.583513749999995,0.003717948717948718,2016-11-01
36476,2016,11,TEK,2014-04-04,TEKCAPITAL PLC                     ,Software & Computer Services,Computer Services,United Kingdom,12.92874056,-0.06,-6.156543123809524,0.021714285714285717,2016-11-01
37321,2016,1,ETX,2007-11-28,E-THERAPEUTICS PLC                 ,Pharmaceuticals & Biotechnology,Biotechnology,United Kingdom,63.6160434,-0.03,-8.032328712121213,0.0,2016-01-01
39013,2017,6,BLTG,2005-03-31,BLANCCO TECHNOLOGY GROUP PLC,Technology,Technology,United Kingdom,96.303845,-0.03,-50.15825260416667,0.421875,2017-06-01
39207,2017,6,CRW,2007-09-13,CRANEWARE PLC,Technology,Technology,United Kingdom,345.783918,0.5,25.61362355555556,2.1481481481481484,2017-06-01
39271,2017,6,DOTD,2011-03-29,DOTDIGITAL GROUP PLC,Technology,Technology,United Kingdom,199.515477,0.02,33.70193868243243,0.10810810810810813,2017-06-01
39293,2017,6,EYE,2014-04-16,EAGLE EYE SOLUTIONS GROUP PLC,Technology,Technology,United Kingdom,66.854906,-0.16,-16.7137265,0.44,2017-06-01
39931,2017,6,MOS,2006-02-15,MOBILE STREAMS PLC,Telecommunications,Telecommunications,United Kingdom,4.121709,-0.03,-1.4933728260869563,0.06195652173913044,2017-06-01
39989,2017,6,NET,2010-07-30,NETCALL PLC,Technology,Technology,United Kingdom,92.569712,0.01,66.59691510791366,0.11510791366906475,2017-06-01
40009,2017,6,NAR,2013-09-02,NORTHAMBER PLC,Technology,Technology,United Kingdom,8.93567,-0.04,-8.27376851851852,2.1111111111111107,2017-06-01
40350,2017,6,SEE,2005-12-01,SEEING MACHINES LIMITED,Technology,Technology,Australia,57.600137,-0.02,-1.9380934387617763,0.009421265141318977,2017-06-01
40762,2018,12,ACSO,2002-04-24,ACCESSO TECHNOLOGY GROUP PLC,Technology,Technology,United Kingdom,393.07,0.16,90.98842592592592,4.407407407407407,2018-12-01
40798,2018,12,ALB,2015-06-11,ALBERT TECHNOLOGIES LTD,Technology,Technology,Israel,20.45,-0.16,-1.278125,0.0461,2018-12-01
40805,2018,12,ALFA,2017-05-26,ALFA FINANCIAL SOFTWARE HOLDINGS PLC,Technology,Technology,United Kingdom,346.8,0.06,19.26666666666668,0.23666666666666664,2018-12-01
40898,2018,12,ATQT,2014-08-19,ATTRAQT GROUP PLC,Technology,Technology,United Kingdom,35.1,-0.02,-16.556603773584907,0.16037735849056606,2018-12-01
40910,2018,12,AVN,2007-04-16,AVANTI COMMUNICATIONS GROUP PLC,Telecommunications,Telecommunications,United Kingdom,53.98,-0.17,-0.14680046775991948,0.03421174294960703,2018-12-01
40911,2018,12,AVST,2018-05-10,AVAST PLC,Technology,Technology,United Kingdom,2707.72,0.28,10.147354219757156,0.8478488982161595,2018-12-01
40938,2018,12,BGO,2005-06-30,BANGO PLC,Technology,Technology,United Kingdom,62.54,-0.04,-22.335714285714282,0.09457142857142856,2018-12-01
40984,2018,12,BST,2016-12-19,BIG SOFA TECHNOLOGIES GROUP PLC,Technology,Technology,United Kingdom,4.41,-0.04,-0.7931654676258992,0.0120863309352518,2018-12-01
41038,2018,12,BRY,2004-06-28,BRADY PLC,Technology,Technology,United Kingdom,53.77,-0.01,-64.78313253012048,0.27710843373493976,2018-12-01
41057,2018,12,BSD,1998-06-08,B.S.D CROWN LTD,Technology,Technology,Israel,23.28,0.06,3.0077519379844966,2.62015503875969,2018-12-01
41116,2018,12,CNIC,2013-09-02,CENTRALNIC GROUP PLC,Technology,Technology,United Kingdom,88.74,-0.02,-25.947368421052627,0.25146198830409355,2018-12-01
41158,2018,12,CLSU,2014-07-11,CLEARSTAR INC.,Technology,Technology,Cayman Islands,21.96,-0.04,-15.25,0.5555555555555556,2018-12-01
41163,2018,12,CBUY,2005-12-14,CLOUDBUY PLC,Technology,Technology,United Kingdom,2.61,-0.02,-1.0038461538461538,0.006076923076923077,2018-12-01
41164,2018,12,CALL,2006-08-22,CLOUDCALL GROUP PLC,Technology,Technology,United Kingdom,17.65,-0.13,-5.657051282051281,0.3645833333333333,2018-12-01
41183,2018,12,CCC,1998-05-29,COMPUTACENTER PLC,Technology,Technology,United Kingdom,1148.26,0.72,13.989522417153996,38.18421052631579,2018-12-01
41185,2018,12,CNC,1996-07-04,CONCURRENT TECHNOLOGIES PLC,Technology,Technology,United Kingdom,49.81,0.04,17.058219178082194,0.2328767123287671,2018-12-01
41196,2018,12,CNS,2000-10-09,CORERO NETWORK SECURITY PLC,Technology,Technology,United Kingdom,50.25,-0.01,-12.5,0.024751243781094525,2018-12-01
41217,2018,12,CCS,2018-12-14,CROSSWORD CYBERSECURITY PLC,Technology,Technology,United Kingdom,11.47,-0.56,-4.376526251526252,0.22863247863247865,2018-12-01
41226,2018,12,CYAN,2005-12-07,CYANCONNODE HOLDINGS PLC,Technology,Technology,United Kingdom,17.6,-0.04,-2.417582417582417,0.02456043956043956,2018-12-01
41241,2018,12,DFX,2015-12-03,DEFENX PLC,Technology,Technology,United Kingdom,2.31,-0.16,-0.48125,0.04733333333333333,2018-12-01
41253,2018,12,DSG,2006-06-15,DILLISTONE GROUP PLC,Technology,Technology,United Kingdom,9.34,-0.01,-46.7,0.4345,2018-12-01
41301,2018,12,ECSC,2016-12-14,ECSC GROUP PLC,Technology,Technology,United Kingdom,6.14,-0.13,-5.190194420963652,0.5912087912087912,2018-12-01
41327,2018,12,EMIS,2010-03-29,EMIS GROUP PLC,Technology,Technology,United Kingdom,578.03,0.34,26.985527544351072,2.6984126984126986,2018-12-01
41352,2018,12,ENET,2017-06-29,ETHERNITY NETWORKS LTD,Technology,Technology,Israel,10.58,-0.08,-4.007575757575758,0.033939393939393936,2018-12-01
41365,2018,12,EVRH,2016-05-16,EVR HOLDINGS PLC,Telecommunications,Telecommunications,United Kingdom,62.79,-0.01,-4.8004587155963305,0.0009021406727828746,2018-12-01
41381,2018,12,FDM,2014-06-20,FDM GROUP (HOLDINGS) PLC,Technology,Technology,United Kingdom,804.28,0.34,21.903050108932447,2.2685185185185186,2018-12-01
41429,2018,12,FST,2005-11-03,FRONTIER SMART TECHNOLOGIES GROUP LIMITED,Technology,Technology,Cayman Islands,12.83,-0.06,-5.215447154471545,1.024390243902439,2018-12-01
41431,2018,12,FCH,2018-09-28,FUNDING CIRCLE HOLDINGS PLC,Technology,Technology,United Kingdom,1192.97,-0.17,-20.281706902414147,0.4104046242774567,2018-12-01
41448,2018,12,GAMA,2014-10-10,GAMMA COMMUNICATIONS PLC,Telecommunications,Telecommunications,United Kingdom,686.03,0.3,24.327304964539014,3.0319148936170213,2018-12-01
41449,2018,12,GAN,2013-11-25,GAN PLC,Technology,Technology,United Kingdom,39.12,-0.08,-5.752941176470588,0.12941176470588234,2018-12-01
41470,2018,12,GETB,2017-08-04,GETBUSY PLC,Technology,Technology,United Kingdom,16.46,-0.02,-17.145833333333336,0.22916666666666666,2018-12-01
41479,2018,12,GINV,2014-07-02,GLOBAL INVACOM GROUP LIMITED,Technology,Technology,Singapore,14.68,0.01,5.397058823529411,0.4485294117647059,2018-12-01
41518,2018,12,GHT,1995-02-27,GRESHAM TECHNOLOGIES PLC,Technology,Technology,United Kingdom,46.3,-0.01,-68.08823529411764,0.2794117647058824,2018-12-01
41617,2018,12,IDE,2016-01-21,IDE GROUP HOLDINGS PLC,Technology,Technology,United Kingdom,8.22,-0.06,-0.3416458852867831,0.10224438902743142,2018-12-01
41645,2018,12,IND,2003-12-15,INDIGOVISION GROUP PLC,Technology,Technology,United Kingdom,8.64,-0.01,-115.04660452729695,6.125166444740348,2018-12-01
41652,2018,12,ING,2007-02-28,INGENTA PLC,Technology,Technology,United Kingdom,14.97,0.02,44.029411764705884,0.7058823529411765,2018-12-01
41655,2018,12,ISAT,2005-06-22,INMARSAT PLC,Telecommunications,Telecommunications,United Kingdom,1754.71,0.33,11.484455788991426,3.16414686825054,2018-12-01
41660,2018,12,INS,2010-10-13,INSTEM PLC,Technology,Technology,United Kingdom,36.29,0.12,18.901041666666668,1.4375,2018-12-01
41668,2018,12,IBM,1973-07-19,INTERNATIONAL BUSINESS MACHINES CORPORATION,Technology,Technology,United States,116410.66,12.0,10.875435351270552,89.22757847533633,2018-12-01
41687,2018,12,IQE,2003-09-30,IQE PLC,Technology,Technology,United Kingdom,504.76,0.01,64.96267696267695,0.2007722007722008,2018-12-01
41755,2018,12,KAPE,2014-09-30,KAPE TECHNOLOGIES PLC,Technology,Technology,Isle of Man,132.98,0.02,46.17361111111111,0.3611111111111111,2018-12-01
41802,2018,12,LTG,2013-11-08,LEARNING TECHNOLOGIES GROUP PLC,Technology,Technology,United Kingdom,462.54,0.02,34.725225225225216,0.14114114114114115,2018-12-01
41820,2018,12,LSAI,2008-04-21,LOCATION SCIENCES GROUP PLC,Technology,Technology,United Kingdom,7.16,-0.01,-2.099706744868035,0.0021994134897360697,2018-12-01
41829,2018,12,LOOP,2016-08-24,LOOPUP GROUP PLC,Technology,Technology,United Kingdom,159.88,0.05,58.13818181818181,0.6181818181818182,2018-12-01
41959,2018,12,MPM,2013-12-18,MPORIUM GROUP PLC,Technology,Technology,United Kingdom,31.85,-0.01,-5.023659305993692,0.0014353312302839115,2018-12-01
41961,2018,12,MWE,2006-03-16,MTI WIRELESS EDGE LTD.,Technology,Technology,Israel,16.54,0.03,6.337164750957855,0.4022988505747127,2018-12-01
42061,2018,12,OSI,2016-04-15,OSIRIUM TECHNOLOGIES PLC,Technology,Technology,United Kingdom,16.74,-0.18,-6.642857142857142,0.06857142857142857,2018-12-01
42089,2018,12,PTY,2013-07-05,PARITY GROUP PLC,Technology,Technology,United Kingdom,8.16,0.01,7.92233009708738,0.8349514563106796,2018-12-01
42102,2018,12,PTRO,2017-12-19,PELATRO PLC,Technology,Technology,United Kingdom,23.1,0.09,7.777777777777778,0.18545454545454546,2018-12-01
42106,2018,12,PEN,1998-03-12,PENNANT INTERNATIONAL GROUP PLC,Technology,Technology,United Kingdom,40.11,0.09,13.107843137254903,0.6176470588235294,2018-12-01
42213,2018,12,QTX,2014-11-06,QUARTIX HOLDINGS PLC,Technology,Technology,United Kingdom,126.79,0.14,18.86755952380952,0.5416666666666666,2018-12-01
42216,2018,12,QXT,2013-05-21,QUIXANT PLC,Technology,Technology,United Kingdom,245.52,0.26,14.307692307692307,1.7424242424242424,2018-12-01
42352,2018,12,SSY,2018-11-28,SCISYS GROUP PLC,Technology,Technology,Ireland,43.93,0.09,16.27037037037037,1.9333333333333331,2018-12-01
42361,2018,12,SDL,1999-12-07,SDL PLC,Technology,Technology,United Kingdom,432.94,0.29,16.405456612353166,3.5494505494505493,2018-12-01
42399,2018,12,SIM,2006-11-02,SIMIGON LTD.,Technology,Technology,Israel,6.36,-0.02,-6.235294117647059,0.09862745098039216,2018-12-01
42423,2018,12,SPE,1996-09-10,SOPHEON PLC,Technology,Technology,United Kingdom,120.71,0.69,17.494202898550725,3.4,2018-12-01
42435,2018,12,SPT,1955-07-13,SPIRENT COMMUNICATIONS PLC,Technology,Technology,United Kingdom,724.3,0.12,9.862472766884533,0.7794117647058824,2018-12-01
42456,2018,12,SOG,2003-06-16,STATPRO GROUP PLC,Technology,Technology,United Kingdom,73.34,0.01,111.12121212121212,0.8333333333333334,2018-12-01
42520,2018,12,TECH,2015-03-16,TECHFINANCIALS INC,Technology,Technology,British Virgin Islands,4.46,-0.05,-1.0494117647058825,0.09129411764705883,2018-12-01
42528,2018,12,TCM,2005-04-04,TELIT COMMUNICATIONS PLC,Technology,Technology,United Kingdom,170.42,-0.14,-9.36373626373626,3.2846153846153845,2018-12-01
42574,2018,12,TST,2005-10-24,TOUCHSTAR PLC,Technology,Technology,United Kingdom,3.47,-0.08,-5.11497641509434,0.8136792452830188,2018-12-01
42593,2018,12,TRB,2002-07-08,TRIBAL GROUP PLC,Technology,Technology,United Kingdom,149.59,0.04,19.080357142857142,0.4081632653061225,2018-12-01
42628,2018,12,USY,1970-01-29,UNISYS CORPORATION,Technology,Technology,United States,340.94,1.48,4.5169581346051935,55.392156862745104,2018-12-01
42684,2018,12,VRE,2018-03-12,VR EDUCATION HOLDINGS PLC,Technology,Technology,Ireland,25.11,-0.02,-6.505181347150258,0.003730569948186528,2018-12-01
42688,2018,12,WAND,2012-06-01,WANDISCO PLC,Technology,Technology,Jersey,204.96,-0.45,-10.592248062015504,0.3953488372093023,2018-12-01
42691,2018,12,WTG,2006-12-27,WATCHSTONE GROUP PLC,Technology,Technology,United Kingdom,44.54,-0.15,-6.455072463768116,0.8260869565217391,2018-12-01
42744,2018,12,ZEG,2015-03-19,ZEGONA COMMUNICATIONS PLC,Telecommunications,Telecommunications,United Kingdom,150.2,0.09,13.245149911816581,0.0,2018-12-01
43659,2015,10,IDOX,2007-06-05,IDOX                               ,Software & Computer Services,Software,United Kingdom,153.1457335,0.02,21.509232233146076,0.17696629213483145,2015-10-01
43963,2015,10,MCRO,2014-11-20,MICRO FOCUS INTERNATIONAL          ,Software & Computer Services,Software,United Kingdom,2869.215707,1.31,13.115215555149245,5.0,2015-10-01
45491,2016,5,FTC,2015-11-16,FILTRONIC                          ,Technology Hardware & Equipment,Telecommunications Equipment,United Kingdom,21.72556533,-0.03,-3.4984807294685987,0.06763285024154589,2016-05-01
46094,2016,5,NCC,2007-07-13,NCC GROUP                          ,Software & Computer Services,Computer Services,United Kingdom,788.2381325,0.09,31.732614029790664,0.7572463768115942,2016-05-01
46900,2017,9,ACT,2014-02-13,ACTUAL EXPERIENCE PLC,Technology,Technology,United Kingdom,123.021157,-0.18,-15.18779716049383,0.008,2017-09-01
47233,2017,9,CER,2016-03-18,CERILLION PLC,Technology,Technology,United Kingdom,35.41618300000001,0.07,16.864849047619046,0.5333333333333333,2017-09-01
48168,2017,9,OMG,2001-04-10,OXFORD METRICS PLC,Technology,Technology,United Kingdom,72.293286,0.04,14.69375731707317,0.23577235772357724,2017-09-01
48402,2017,9,SGE,2013-06-10,SAGE GROUP PLC,Technology,Technology,United Kingdom,7549.4367269999975,0.35,19.935137911275426,1.5850277264325323,2017-09-01
48407,2017,9,SND,2004-12-16,SANDERSON GROUP PLC,Technology,Technology,United Kingdom,36.897348,0.06,11.181014545454547,0.4,2017-09-01
48640,2017,9,TOOP,2016-05-10,TOOPLE PLC,Technology,Technology,United Kingdom,2.018684,-0.01,-1.1469795454545455,0.007272727272727274,2017-09-01
52738,2013,12,TRX,2010-06-29,TISSUE REGENIX GROUP PLC           ,Pharmaceuticals & Biotechnology,Biotechnology,United Kingdom,155.04594201249995,-0.01,-23.74363583652373,7.656967840735071e-05,2013-12-01
53808,2019,4,IDEA,2012-07-02,IDEAGEN PLC,Technology,Technology,United Kingdom,323.08,0.01,147.52511415525115,0.2146118721461187,2019-04-01
55268,2015,7,C4XD,2014-10-23,C4X DISCOVERY HLDG PLC             ,Pharmaceuticals & Biotechnology,Biotechnology,United Kingdom,26.030382,-0.11,-7.633543108504398,0.01,2015-07-01
56455,2015,7,PHD,2006-06-01,PROACTIS HLDGS                     ,Software & Computer Services,Software,United Kingdom,30.15450837,0.06,12.886542038461535,0.4358974358974359,2015-07-01
56852,2015,7,TRCS,2008-08-05,TRACSIS PLC                        ,Software & Computer Services,Software,United Kingdom,109.4946564,0.13,31.195058803418803,0.8518518518518519,2015-07-01
57398,2015,6,GNS,2007-11-12,GENUS                              ,Pharmaceuticals & Biotechnology,Biotechnology,United Kingdom,863.3251537000001,0.43,32.91365435379336,6.540983606557377,2015-06-01
60144,2014,11,ACC,2005-06-28,ACCESS INTELLIGENCE                ,Software & Computer Services,Computer Services,United Kingdom,5.793225725,-0.05,-4.827688104166667,0.17875,2014-11-01
60225,2014,11,AMO,2004-06-09,AMINO TECHNOLOGIES                 ,Technology Hardware & Equipment,Telecommunications Equipment,United Kingdom,65.20248608,0.1,12.074534459259258,0.8333333333333334,2014-11-01
61192,2014,11,KBT,2001-03-28,K3 BUSINESS TECHNOLOGY GROUP       ,Software & Computer Services,Software,United Kingdom,71.83861096,0.12,18.707971604166666,2.25,2014-11-01
61525,2014,11,OPTI,2014-08-05,OPTIBIOTIX HEALTH PLC              ,Pharmaceuticals & Biotechnology,Biotechnology,United Kingdom,15.98942377,-0.03,-7.40251100462963,0.0,2014-11-01
62013,2014,11,TEK,2014-04-04,TEKCAPITAL PLC                     ,Software & Computer Services,Computer Services,United Kingdom,4.325993195,-0.05,-3.7617332130434775,0.009130434782608695,2014-11-01
62497,2017,10,PRSM,2016-03-18,BLUE PRISM GROUP PLC,Technology,Technology,United Kingdom,876.589308,-0.17,-81.84774117647058,0.3968253968253968,2017-10-01
63105,2017,10,IDOX,2007-06-05,IDOX PLC,Technology,Technology,United Kingdom,257.59193700000003,0.01,62.37092905569006,0.1791767554479419,2017-10-01
63380,2017,10,MCRO,2014-11-20,MICRO FOCUS INTERNATIONAL PLC,Technology,Technology,United Kingdom,11507.818734,1.23,48.98403240965394,5.638743455497383,2017-10-01
68381,2014,6,ABC,2005-11-03,ABCAM                              ,Pharmaceuticals & Biotechnology,Biotechnology,United Kingdom,753.2579602000003,0.17,22.154645888235287,0.64,2014-06-01
68636,2014,6,BVXP,2014-04-29,BIOVENTIX PLC                      ,Pharmaceuticals & Biotechnology,Biotechnology,United Kingdom,30.5174221,0.5,12.110088134920636,0.7023809523809523,2014-06-01
68859,2014,6,CRW,2007-09-13,CRANEWARE PLC                      ,Software & Computer Services,Software,United Kingdom,146.3601148,0.32,16.939828101851848,1.5925925925925926,2014-06-01
68928,2014,6,DOTD,2011-03-29,DOTDIGITAL GROUP PLC               ,Software & Computer Services,Internet,United Kingdom,93.65499653,0.01,33.09363834982332,0.05653710247349824,2014-06-01
68951,2014,6,EYE,2014-04-16,EAGLE EYE SOLUTIONS LTD            ,Software & Computer Services,Internet,United Kingdom,32.209843199999995,-0.07,-23.00703085714286,0.092,2014-06-01
69141,2014,6,GNS,2007-11-12,GENUS                              ,Pharmaceuticals & Biotechnology,Biotechnology,United Kingdom,693.9270857000001,0.5,22.75170772786885,6.0983606557377055,2014-06-01
69640,2014,6,MOS,2006-02-15,MOBILE STREAMS                     ,Mobile Telecommunications,Mobile Telecommunications,United Kingdom,7.433974057999999,-0.01,-20.09182177837837,1.3243243243243243,2014-06-01
69701,2014,6,NET,2010-07-30,NETCALL                            ,Software & Computer Services,Software,United Kingdom,84.04377724,0.02,30.672911401459853,0.12408759124087593,2014-06-01
69738,2014,6,NAR,2013-09-02,NORTHAMBER                         ,Technology Hardware & Equipment,Computer Hardware,United Kingdom,10.98190665,-0.04,-10.168432083333334,2.333333333333333,2014-06-01
71144,2015,1,ETX,2007-11-28,E-THERAPEUTICS PLC                 ,Pharmaceuticals & Biotechnology,Biotechnology,United Kingdom,80.46502290000002,-0.03,-10.159725113636364,0.0,2015-01-01
72641,2015,11,ACC,2005-06-28,ACCESS INTELLIGENCE                ,Software & Computer Services,Computer Services,United Kingdom,14.04655029,-0.04,-12.541562758928572,0.23892857142857146,2015-11-01
72715,2015,11,AMO,2004-06-09,AMINO TECHNOLOGIES                 ,Technology Hardware & Equipment,Telecommunications Equipment,United Kingdom,77.61860631,0.06,18.48062055,0.7428571428571429,2015-11-01
73659,2015,11,KBT,2001-03-28,K3 BUSINESS TECHNOLOGY GROUP       ,Software & Computer Services,Software,United Kingdom,118.7524426,0.12,30.92511526041667,2.59375,2015-11-01
73984,2015,11,OPTI,2014-08-05,OPTIBIOTIX HEALTH PLC              ,Pharmaceuticals & Biotechnology,Biotechnology,United Kingdom,63.5126039,-0.02,-42.913921554054056,0.0004054054054054054,2015-11-01
74465,2015,11,TEK,2014-04-04,TEKCAPITAL PLC                     ,Software & Computer Services,Computer Services,United Kingdom,17.24745281,-0.05,-9.85568732,0.011714285714285714,2015-11-01
74946,2016,10,PRSM,2016-03-18,BLUE PRISM GROUP PLC               ,Software & Computer Services,Software,United Kingdom,190.9876718,-0.1,-30.80446319354839,0.15548387096774194,2016-10-01
75550,2016,10,IDOX,2007-06-05,IDOX                               ,Software & Computer Services,Software,United Kingdom,226.9911823,0.03,20.95948128347184,0.21329639889196675,2016-10-01
75840,2016,10,MCRO,2014-11-20,MICRO FOCUS INTERNATIONAL          ,Software & Computer Services,Software,United Kingdom,4890.92697,1.09,25.494823655129274,7.073863636363638,2016-10-01
76716,2016,9,ACT,2014-02-13,ACTUAL EXPERIENCE PLC              ,Software & Computer Services,Software,United Kingdom,99.41359195,-0.15,-17.912358909909912,0.01945945945945946,2016-09-01
76720,2016,9,AD4,2006-02-15,ADEPT4 PLC                         ,Software & Computer Services,Computer Services,United Kingdom,19.86819625,-0.01,-8.75250936123348,0.02176211453744493,2016-09-01
76886,2016,9,BMK,2015-12-30,BENCHMARK HLDGS PLC                ,Pharmaceuticals & Biotechnology,Biotechnology,United Kingdom,313.7300829,-0.04,-15.054226626679466,0.2092130518234165,2016-09-01
77041,2016,9,CER,2016-03-18,CERILLION PLC                      ,Software & Computer Services,Computer Services,United Kingdom,37.92482951,0.03,42.13869945555556,0.2786666666666667,2016-09-01
77621,2016,9,IXI,2013-10-15,IXICO PLC                          ,Pharmaceuticals & Biotechnology,Biotechnology,United Kingdom,6.751216545,-0.07,-3.7094596401098903,0.12576923076923074,2016-09-01
77627,2016,9,JEL,2064-02-28,JERSEY ELECTRICITY PLC             ,Electricity,Electricity,Jersey,49.47,0.33,4.835777126099706,3.3225806451612905,2016-09-01
77984,2016,9,OMG,2001-04-10,OMG                                ,Software & Computer Services,Software,United Kingdom,56.11383324,0.05,9.275013758677686,0.21487603305785125,2016-09-01
78105,2016,9,PVG,2015-02-27,PREMIER VETERINARY GROUP PLC       ,Pharmaceuticals & Biotechnology,Biotechnology,United Kingdom,20.12503455,-0.22,-6.098495318181818,0.12466666666666668,2016-09-01
78183,2016,9,REDX,2015-03-27,REDX PHARMA LTD                    ,Pharmaceuticals & Biotechnology,Biotechnology,United Kingdom,57.30099078,-0.19,-3.2083421489361696,0.0,2016-09-01
78250,2016,9,SGE,2013-06-10,SAGE GROUP                         ,Software & Computer Services,Software,United Kingdom,8317.463747,0.31,24.843081681600953,1.3324074074074077,2016-09-01
78256,2016,9,SND,2004-12-16,SANDERSON GROUP                    ,Software & Computer Services,Computer Services,United Kingdom,37.2993498,0.05,13.563399927272728,0.3818181818181817,2016-09-01
78487,2016,9,TOOP,2016-05-10,TOOPLE PLC                         ,Technology Hardware & Equipment,Telecommunications Equipment,United Kingdom,5.375,-0.02,-2.6875,0.0096,2016-09-01
79327,2017,5,FTC,1994-10-24,FILTRONIC PLC,Technology,Technology,United Kingdom,26.838449,0.01,12.96543429951691,0.16908212560386476,2017-05-01
79912,2017,5,NCC,2007-07-13,NCC GROUP PLC,Technology,Technology,United Kingdom,457.624277,0.02,82.60366010830325,0.7761732851985559,2017-05-01
83495,2018,4,IDEA,2012-07-02,IDEAGEN PLC,Technology,Technology,United Kingdom,224.950139,0.01,110.8128763546798,0.17733990147783252,2018-04-01
84138,2018,4,RDT,2014-04-29,ROSSLYN DATA TECHNOLOGIES PLC,Technology,Technology,United Kingdom,8.653983,-0.02,-2.3015912234042557,0.03420212765957446,2018-04-01
86140,2014,7,PHD,2006-06-01,PROACTIS HLDGS                     ,Software & Computer Services,Software,United Kingdom,21.39834256,0.02,28.155713894736838,0.2631578947368421,2014-07-01
86535,2014,7,TRCS,2008-08-05,TRACSIS PLC                        ,Software & Computer Services,Software,United Kingdom,85.5345183,0.13,25.30607050295858,0.8461538461538461,2014-07-01
86743,2017,12,ACSO,2002-04-24,ACCESSO TECHNOLOGY GROUP PLC,Technology,Technology,United Kingdom,517.6,0.2,99.53846153846152,5.115384615384615,2017-12-01
86778,2017,12,ALB,2015-06-11,ALBERT TECHNOLOGIES LTD,Technology,Technology,Israel,15.86,-0.19,-1.3463497453310695,0.027903225806451614,2017-12-01
86786,2017,12,ALFA,2017-05-26,ALFA FINANCIAL SOFTWARE HOLDINGS PLC,Technology,Technology,United Kingdom,1605.0,0.09,59.444444444444436,0.2933333333333333,2017-12-01
86879,2017,12,ATQT,2014-08-19,ATTRAQT GROUP PLC,Technology,Technology,United Kingdom,35.63,-0.03,-11.204402515723274,0.1320754716981132,2017-12-01
86890,2017,12,AVN,2007-04-16,AVANTI COMMUNICATIONS GROUP PLC,Telecommunications,Telecommunications,United Kingdom,13.98,-0.87,-0.09919114516815666,0.35185185185185186,2017-12-01
86913,2017,12,BGO,2005-06-30,BANGO PLC,Technology,Technology,United Kingdom,172.92,-0.05,-52.39999999999999,0.06287878787878788,2017-12-01
86956,2017,12,BST,2016-12-19,BIG SOFA TECHNOLOGIES GROUP PLC,Technology,Technology,United Kingdom,8.55,-0.07,-1.879120879120879,0.02,2017-12-01
87010,2017,12,BRY,2004-06-28,BRADY PLC,Technology,Technology,United Kingdom,52.1,-0.05,-12.554216867469881,0.26506024096385544,2017-12-01
87013,2017,12,BBSN,2013-11-12,BRAVE BISON GROUP PLC,Technology,Technology,United Kingdom,5.17,-0.01,-0.9006968641114983,0.0313588850174216,2017-12-01
87029,2017,12,BSD,1998-06-08,B.S.D CROWN LTD,Technology,Technology,Israel,25.54,-0.02,-9.899224806201547,2.4186046511627906,2017-12-01
87089,2017,12,CNIC,2013-09-02,CENTRALNIC GROUP PLC,Technology,Technology,United Kingdom,59.45,0.03,20.64236111111111,0.25,2017-12-01
87131,2017,12,CLSU,2014-07-11,CLEARSTAR INC.,Technology,Technology,Cayman Islands,15.97,-0.05,-8.872222222222222,0.5,2017-12-01
87136,2017,12,CBUY,2005-12-14,CLOUDBUY PLC,Technology,Technology,United Kingdom,3.29,-0.02,-1.265384615384615,0.01153846153846154,2017-12-01
87137,2017,12,CALL,2006-08-22,CLOUDCALL GROUP PLC,Technology,Technology,United Kingdom,34.9,-0.1,-16.619047619047617,0.3242857142857143,2017-12-01
87155,2017,12,CCC,1998-05-29,COMPUTACENTER PLC,Technology,Technology,United Kingdom,1414.59,0.66,17.425351071692532,30.83739837398373,2017-12-01
87158,2017,12,CNC,1996-07-04,CONCURRENT TECHNOLOGIES PLC,Technology,Technology,United Kingdom,59.99,0.04,20.544520547945204,0.2191780821917808,2017-12-01
87170,2017,12,CNS,2000-10-09,CORERO NETWORK SECURITY PLC,Technology,Technology,United Kingdom,21.3,-0.03,-2.253968253968254,0.02707936507936508,2017-12-01
87199,2017,12,CYAN,2005-12-07,CYANCONNODE HOLDINGS PLC,Technology,Technology,United Kingdom,28.15,-0.1,-2.1821705426356592,0.009069767441860464,2017-12-01
87214,2017,12,DFX,2015-12-03,DEFENX PLC,Technology,Technology,United Kingdom,5.63,-0.67,-0.6463834672789897,0.2253846153846154,2017-12-01
87277,2017,12,ECSC,2016-12-14,ECSC GROUP PLC,Technology,Technology,United Kingdom,12.94,-0.37,-3.851649005834028,0.4405286343612335,2017-12-01
87303,2017,12,EMIS,2010-03-29,EMIS GROUP PLC,Technology,Technology,United Kingdom,640.08,0.35,29.02857142857143,2.5396825396825395,2017-12-01
87329,2017,12,ENET,2017-06-29,ETHERNITY NETWORKS LTD,Technology,Technology,Israel,42.27,0.01,128.0909090909091,0.046060606060606066,2017-12-01
87342,2017,12,EVRH,2016-05-16,EVR HOLDINGS PLC,Telecommunications,Telecommunications,United Kingdom,92.61,-0.01,-7.9974093264248705,0.0,2017-12-01
87363,2017,12,FDM,2014-06-20,FDM GROUP (HOLDINGS) PLC,Technology,Technology,United Kingdom,1003.68,0.3,30.977777777777767,2.1666666666666665,2017-12-01
87416,2017,12,FST,2005-11-03,FRONTIER SMART TECHNOLOGIES GROUP LIMITED,Technology,Technology,Cayman Islands,66.92,-0.06,-27.20325203252033,1.2926829268292683,2017-12-01
87434,2017,12,GAMA,2014-10-10,GAMMA COMMUNICATIONS PLC,Telecommunications,Telecommunications,United Kingdom,601.72,0.25,25.880430107526887,2.6021505376344085,2017-12-01
87435,2017,12,GAN,2013-11-25,GAN PLC,Technology,Technology,United Kingdom,22.5,-0.05,-6.428571428571429,0.13028571428571428,2017-12-01
87455,2017,12,GETB,2017-08-04,GETBUSY PLC,Technology,Technology,United Kingdom,16.46,-0.04,-8.572916666666668,0.19354166666666664,2017-12-01
87466,2017,12,GINV,2014-07-02,GLOBAL INVACOM GROUP LIMITED,Technology,Technology,Singapore,20.37,0.01,7.488970588235293,0.4264705882352941,2017-12-01
87507,2017,12,GHT,1995-02-27,GRESHAM TECHNOLOGIES PLC,Technology,Technology,United Kingdom,129.92,0.06,32.318407960198996,0.31343283582089554,2017-12-01
87612,2017,12,IDE,2016-01-21,IDE GROUP HOLDINGS PLC,Technology,Technology,United Kingdom,57.71,-0.02,-13.740476190476196,0.2571428571428571,2017-12-01
87639,2017,12,IND,2003-12-15,INDIGOVISION GROUP PLC,Technology,Technology,United Kingdom,8.53,-0.31,-3.6639319616854937,5.59254327563249,2017-12-01
87646,2017,12,ING,2007-02-28,INGENTA PLC,Technology,Technology,United Kingdom,21.57,0.07,18.126050420168067,0.8823529411764706,2017-12-01
87649,2017,12,ISAT,2005-06-22,INMARSAT PLC,Telecommunications,Telecommunications,United Kingdom,2246.19,0.46,10.661619517752044,3.039301310043668,2017-12-01
87654,2017,12,INS,2010-10-13,INSTEM PLC,Technology,Technology,United Kingdom,22.8,0.06,23.75,1.3125,2017-12-01
87661,2017,12,IBM,1973-07-19,INTERNATIONAL BUSINESS MACHINES CORPORATION,Technology,Technology,United States,100603.46,11.0,9.919489252612898,85.83405639913231,2017-12-01
87679,2017,12,IQE,2003-09-30,IQE PLC,Technology,Technology,United Kingdom,1035.79,0.03,45.66975308641975,0.20502645502645506,2017-12-01
87823,2017,12,LOOP,2016-08-24,LOOPUP GROUP PLC,Technology,Technology,United Kingdom,149.35,0.05,71.11904761904759,0.4047619047619048,2017-12-01
87930,2017,12,MBT,2006-03-08,MOBILE TORNADO GROUP PLC,Telecommunications,Telecommunications,United Kingdom,17.64,-0.01,-6.509225092250923,0.009335793357933579,2017-12-01
87955,2017,12,MPM,2013-12-18,MPORIUM GROUP PLC,Technology,Technology,United Kingdom,38.09,-0.01,-6.477891156462586,0.003367346938775511,2017-12-01
87957,2017,12,MWE,2006-03-16,MTI WIRELESS EDGE LTD.,Technology,Technology,Israel,13.14,0.02,7.729411764705883,0.4117647058823529,2017-12-01
88062,2017,12,OSI,2016-04-15,OSIRIUM TECHNOLOGIES PLC,Technology,Technology,United Kingdom,16.42,-0.18,-9.122222222222225,0.065,2017-12-01
88092,2017,12,PTY,2013-07-05,PARITY GROUP PLC,Technology,Technology,United Kingdom,9.57,0.02,4.691176470588236,0.8235294117647058,2017-12-01
88104,2017,12,PEB,2014-01-20,PEBBLE BEACH SYSTEMS GROUP PLC,Technology,Technology,United Kingdom,2.09,-0.02,-0.836,0.08,2017-12-01
88106,2017,12,PTRO,2017-12-19,PELATRO PLC,Technology,Technology,United Kingdom,15.93,0.08,8.296875,0.13125,2017-12-01
88110,2017,12,PEN,1998-03-12,PENNANT INTERNATIONAL GROUP PLC,Technology,Technology,United Kingdom,27.84,0.05,15.466666666666665,0.5,2017-12-01
88223,2017,12,QTX,2014-11-06,QUARTIX HOLDINGS PLC,Technology,Technology,United Kingdom,168.87,0.12,29.317708333333336,0.5208333333333334,2017-12-01
88225,2017,12,QXT,2013-05-21,QUIXANT PLC,Technology,Technology,United Kingdom,265.79,0.2,20.13560606060605,1.6515151515151516,2017-12-01
88356,2017,12,SSY,1997-09-25,SCISYS PLC,Technology,Technology,United Kingdom,33.84,0.06,19.448275862068968,1.827586206896552,2017-12-01
88364,2017,12,SDL,1999-12-07,SDL PLC,Technology,Technology,United Kingdom,361.13,0.3,14.68008130081301,3.4878048780487805,2017-12-01
88402,2017,12,SIM,2006-11-02,SIMIGON LTD.,Technology,Technology,Israel,10.02,-0.02,-9.823529411764708,0.08509803921568627,2017-12-01
88426,2017,12,SPE,1996-09-10,SOPHEON PLC,Technology,Technology,United Kingdom,36.0,0.72,5.0,2.9,2017-12-01
88440,2017,12,SPT,1955-07-13,SPIRENT COMMUNICATIONS PLC,Technology,Technology,United Kingdom,623.98,0.08,12.74468954248366,0.7434640522875817,2017-12-01
88462,2017,12,STAR,2013-02-27,STARCOM PLC,Technology,Technology,Jersey,5.89,-0.01,-2.4541666666666666,0.02266666666666667,2017-12-01
88466,2017,12,SOG,2003-06-16,STATPRO GROUP PLC,Technology,Technology,United Kingdom,93.47,0.03,47.20707070707071,0.7424242424242424,2017-12-01
88531,2017,12,TECH,2015-03-16,TECHFINANCIALS INC,Technology,Technology,British Virgin Islands,17.41,-0.01,-23.849315068493148,0.1780821917808219,2017-12-01
88538,2017,12,TCM,2005-04-04,TELIT COMMUNICATIONS PLC,Technology,Technology,United Kingdom,196.04,-0.26,-5.8,2.8846153846153846,2017-12-01
88543,2017,12,TERN,2007-07-27,TERN PLC,Technology,Technology,United Kingdom,3.22,-0.01,-2.251748251748252,-0.004615384615384616,2017-12-01
88583,2017,12,TST,2005-10-24,TOUCHSTAR PLC,Technology,Technology,United Kingdom,4.26,-0.15,-4.369230769230769,1.2107692307692308,2017-12-01
88600,2017,12,TRB,2002-07-08,TRIBAL GROUP PLC,Technology,Technology,United Kingdom,158.8,0.02,40.51020408163266,0.4336734693877551,2017-12-01
88634,2017,12,USY,1970-01-29,UNISYS CORPORATION,Technology,Technology,United States,317.52,-1.82,-3.420814479638009,53.764705882352935,2017-12-01
88697,2017,12,WAND,2012-06-01,WANDISCO PLC,Technology,Technology,Jersey,234.18,-0.36,-15.865853658536587,0.4878048780487805,2017-12-01
88700,2017,12,WTG,2006-12-27,WATCHSTONE GROUP PLC,Technology,Technology,United Kingdom,51.05,-0.09,-12.330917874396135,0.9782608695652174,2017-12-01
88756,2017,12,ZEG,2015-03-19,ZEGONA COMMUNICATIONS PLC,Telecommunications,Telecommunications,United Kingdom,175.45,-0.04,-34.811507936507944,0.0,2017-12-01
92516,2019,1,SMRT,2006-09-06,SMARTSPACE SOFTWARE PLC,Technology,Technology,United Kingdom,20.27,-0.09,-10.23737373737374,0.2868181818181818,2019-01-01
93094,2018,6,BKS,2017-11-27,BEEKS FINANCIAL CLOUD GROUP PLC,Technology,Technology,United Kingdom,36.53,0.03,24.35333333333333,0.1116,2018-06-01
93329,2018,6,CRW,2007-09-13,CRANEWARE PLC,Technology,Technology,United Kingdom,565.24,0.61,34.319368548876746,2.4814814814814814,2018-06-01
93393,2018,6,DOTD,2011-03-29,DOTDIGITAL GROUP PLC,Technology,Technology,United Kingdom,223.03,0.03,25.031425364758697,0.1447811447811448,2018-06-01
93415,2018,6,EYE,2014-04-16,EAGLE EYE SOLUTIONS GROUP PLC,Technology,Technology,United Kingdom,46.05,-0.17,-10.835294117647056,0.56,2018-06-01
93978,2018,6,MNO,2018-05-30,MAESTRANO GROUP PLC,Technology,Technology,United Kingdom,11.13,-0.02,-6.95625,0.01225,2018-06-01
94073,2018,6,MOS,2006-02-15,MOBILE STREAMS PLC,Telecommunications,Telecommunications,United Kingdom,1.99,-0.01,-1.9702970297029705,0.0301980198019802,2018-06-01
94126,2018,6,NET,2010-07-30,NETCALL PLC,Technology,Technology,United Kingdom,105.09,0.01,73.4895104895105,0.15384615384615385,2018-06-01
94150,2018,6,NAR,2013-09-02,NORTHAMBER PLC,Technology,Technology,United Kingdom,8.11,-0.02,-14.482142857142858,2.071428571428572,2018-06-01
94243,2018,6,PCIP,2000-09-29,PCI-PAL PLC,Technology,Technology,United Kingdom,13.4,-0.1,-3.1162790697674416,0.04674418604651162,2018-06-01
94519,2018,6,SEE,2005-12-01,SEEING MACHINES LIMITED,Technology,Technology,Australia,280.05,-0.02,-6.2483266398929045,0.013833110218652387,2018-06-01
98249,2018,7,NANO,2015-05-01,NANOCO GROUP PLC,Technology,Technology,United Kingdom,121.52,-0.02,-21.244755244755247,0.011608391608391607,2018-07-01
98467,2018,7,PHD,2006-06-01,PROACTIS HOLDINGS PLC,Technology,Technology,United Kingdom,93.24,0.05,20.051612903225802,0.5591397849462365,2018-07-01
98697,2018,7,SCT,2015-11-13,SOFTCAT PLC,Technology,Technology,United Kingdom,1599.44,0.28,28.849927849927848,4.025252525252524,2018-07-01
98861,2018,7,TRCS,2008-08-05,TRACSIS PLC,Technology,Technology,United Kingdom,176.92,0.18,35.1031746031746,1.3928571428571428,2018-07-01
100703,2014,4,RDT,2014-04-29,ROSSLYN DATA TECHNOLOGIES PLC      ,Software & Computer Services,Software,United Kingdom,25.63797676,-0.07,-4.5782101357142855,0.025875,2014-04-01
103171,2016,3,ADT,2006-02-15,ADEPT TELECOM                      ,Fixed Line Telecommunications,Fixed Line Telecommunications,United Kingdom,52.93285218,0.12,20.050322795454548,1.318181818181818,2016-03-01
103188,2016,3,AMPH,2014-07-18,AGGREGATED MICRO POWER HLDGS PLC   ,Electricity,Alternative Electricity,United Kingdom,16.05906375,-0.01,-55.376081896551725,0.006896551724137932,2016-03-01
103314,2016,3,AVV,1996-12-05,AVEVA GROUP                        ,Software & Computer Services,Software,United Kingdom,1007.103038,0.49,32.114255038265306,3.140625,2016-03-01
103440,2016,3,BT.A,1984-12-03,BT GROUP                           ,Fixed Line Telecommunications,Fixed Line Telecommunications,United Kingdom,43689.73933,0.36,12.184777814033911,1.895481927710844,2016-03-01
103681,2016,3,ECK,2003-06-27,ECKOH PLC                          ,Software & Computer Services,Software,United Kingdom,110.2792958,0.01,45.94970658333333,0.09166666666666666,2016-03-01
103752,2016,3,EVG,2015-10-21,EVGEN PHARMA PLC                   ,Pharmaceuticals & Biotechnology,Biotechnology,United Kingdom,14.26285809,-0.05,-3.9076323534246575,0.0,2016-03-01
103851,2016,3,GBG,2010-08-27,GB GROUP                           ,Software & Computer Services,Computer Services,United Kingdom,313.3128239,0.12,21.055969348118282,0.5887096774193549,2016-03-01
104028,2016,3,IMO,2014-06-27,IMIMOBILE PLC                      ,Software & Computer Services,Software,United Kingdom,72.00343683,0.08,14.75480262909836,1.0163934426229508,2016-03-01
104063,2016,3,IGP,2001-01-08,INTERCEDE GROUP                    ,Software & Computer Services,Software,United Kingdom,61.64978133,-0.02,-64.21852221875001,0.22916666666666666,2016-03-01
104085,2016,3,IOM,2000-04-19,IOMART GROUP                       ,Software & Computer Services,Internet,United Kingdom,275.94219510000005,0.1,25.78899019626168,0.7102803738317757,2016-03-01
104154,2016,3,KNOS,2015-07-10,KAINOS GROUP PLC                   ,Software & Computer Services,Software,United Kingdom,231.7826204,0.1,19.642594949152546,0.652542372881356,2016-03-01
104474,2016,3,OPG,2008-05-30,OPG POWER VENTURE PLC              ,Electricity,Electricity,Isle of Man,260.1135483,0.05,14.779178880681815,0.3636363636363637,2016-03-01
104678,2016,3,RENE,2005-08-12,RENEURON GROUP                     ,Pharmaceuticals & Biotechnology,Biotechnology,United Kingdom,106.5178831,-0.44,-7.565190561079546,0.0009375,2016-03-01
104844,2016,3,SOPH,2015-07-01,SOPHOS GROUP PLC                   ,Software & Computer Services,Software,United Kingdom,981.0,-0.1,-21.703539823008853,1.0575221238938053,2016-03-01
104865,2016,3,SSE,1991-06-18,SSE PLC                            ,Electricity,Electricity,United Kingdom,15141.412080000002,1.07,14.038544058744993,28.552579365079364,2016-03-01
104929,2016,3,TALK,2010-03-29,TALK TALK TELECOM GROUP PLC        ,Fixed Line Telecommunications,Fixed Line Telecommunications,United Kingdom,2167.494585000001,0.07,32.423254824233354,1.924607329842932,2016-03-01
104946,2016,3,TEP,2000-07-26,TELECOM PLUS                       ,Fixed Line Telecommunications,Fixed Line Telecommunications,United Kingdom,724.2861095,0.33,27.43507990530303,9.3125,2016-03-01
104993,2016,3,TRAK,2013-10-25,TRAKM8 HLDGS                       ,Technology Hardware & Equipment,Computer Hardware,United Kingdom,82.4902898,0.12,21.48184630208333,0.8125,2016-03-01
104999,2016,3,TRD,1996-03-21,TRIAD GROUP                        ,Software & Computer Services,Computer Services,United Kingdom,4.431251858,0.08,3.692709881666667,1.8666666666666667,2016-03-01
105084,2016,3,VOD,1988-10-26,VODAFONE GROUP                     ,Mobile Telecommunications,Mobile Telecommunications,United Kingdom,63844.35567,-0.18,-13.354827547472922,1.8754471177378669,2016-03-01
105161,2016,3,ZOO,2001-05-14,ZOO DIGITAL GROUP PLC              ,Software & Computer Services,Software,United Kingdom,3.456534898,-0.02,-5.237174087878788,0.3636363636363637,2016-03-01
108098,2015,4,IDEA,2012-07-02,IDEAGEN PLC                        ,Software & Computer Services,Software,United Kingdom,62.95629569,0.01,35.56852863841808,0.07909604519774012,2015-04-01
108831,2015,4,RDT,2014-04-29,ROSSLYN DATA TECHNOLOGIES PLC      ,Software & Computer Services,Software,United Kingdom,9.80795582,-0.04,-3.0649861937500003,0.035375000000000004,2015-04-01
108872,2015,4,SCLP,2010-07-30,SCANCELL HLDGS PLC                 ,Pharmaceuticals & Biotechnology,Biotechnology,United Kingdom,60.14988736,-0.01,-26.61499440707965,0.0,2015-04-01
111383,2017,3,ADT,2006-02-15,ADEPT TELECOM PLC,Telecommunications,Telecommunications,United Kingdom,77.6235,0.15,21.56208333333333,1.4166666666666667,2017-03-01
111512,2017,3,AVV,1996-12-05,AVEVA GROUP PLC,Technology,Technology,United Kingdom,1247.529446,0.43,45.33173859011628,6.765625,2017-03-01
111645,2017,3,BT.A,1984-12-03,BT GROUP PLC,Telecommunications,Telecommunications,United Kingdom,31693.314598,0.33,9.642605147255688,2.417871485943775,2017-03-01
111689,2017,3,CTP,2006-05-22,CASTLETON TECHNOLOGY PLC,Technology,Technology,United Kingdom,50.771067,0.01,64.26717341772152,0.2531645569620253,2017-03-01
111752,2017,3,CML,1996-07-18,CML MICROSYSTEMS PLC,Technology,Technology,United Kingdom,73.52090799999998,0.23,18.803301278772377,1.6470588235294117,2017-03-01
111810,2017,3,D4T4,2008-06-16,D4T4 SOLUTIONS PLC,Technology,Technology,United Kingdom,52.941532,0.1,13.93198210526316,0.4736842105263158,2017-03-01
111881,2017,3,ECK,2003-06-27,ECKOH PLC,Technology,Technology,United Kingdom,95.983443,0.01,39.33747663934426,0.11885245901639345,2017-03-01
112038,2017,3,GBG,2010-08-27,GB GROUP PLC,Technology,Technology,United Kingdom,394.663347,0.15,19.489548000000006,0.6444444444444445,2017-03-01
112209,2017,3,IMO,2014-06-27,IMIMOBILE PLC,Technology,Technology,United Kingdom,105.99587,0.1,17.376372131147534,1.2459016393442623,2017-03-01
112247,2017,3,IGP,2001-01-08,INTERCEDE GROUP PLC,Technology,Technology,United Kingdom,21.828023,-0.08,-5.45700575,0.16579999999999998,2017-03-01
112267,2017,3,IOM,2000-04-19,IOMART GROUP PLC,Technology,Technology,United Kingdom,318.753161,0.13,22.70321659544159,0.8333333333333334,2017-03-01
112335,2017,3,KNOS,2015-07-10,KAINOS GROUP PLC,Technology,Technology,United Kingdom,268.938613,0.09,25.323786534839925,0.7118644067796609,2017-03-01
112813,2017,3,RCN,2013-12-06,REDCENTRIC PLC,Technology,Technology,United Kingdom,129.879628,0.01,87.1675355704698,0.7046979865771812,2017-03-01
112843,2017,3,RICO,2008-11-05,RICOH CO LTD,Technology,Technology,Japan,6950.6478769999985,4.82,1.9890250041493776,2798.481379310345,2017-03-01
112982,2017,3,SOPH,2015-06-26,SOPHOS GROUP PLC,Technology,Technology,United Kingdom,1245.805359,-0.06,-45.13787532608696,1.1521739130434785,2017-03-01
113001,2017,3,SRT,2005-11-02,SRT MARINE SYSTEMS PLC,Technology,Technology,United Kingdom,48.492719,0.01,37.88493671875,0.0859375,2017-03-01
113058,2017,3,SYS,2013-01-14,SYSGROUP PLC,Technology,Technology,United Kingdom,10.974352,-0.04,-11.92864347826087,0.31173913043478263,2017-03-01
113061,2017,3,TALK,2010-03-29,TALKTALK TELECOM GROUP PLC,Telecommunications,Telecommunications,United Kingdom,1810.891333,0.21,9.029625195711793,1.801047120418848,2017-03-01
113078,2017,3,TEP,2000-07-26,TELECOM PLUS PLC,Telecommunications,Telecommunications,United Kingdom,962.430134,0.38,31.658885986842108,9.25,2017-03-01
113137,2017,3,TRAK,2005-11-29,TRAKM8 HOLDINGS PLC,Technology,Technology,United Kingdom,29.090817,0.05,16.161565,0.75,2017-03-01
113144,2017,3,TRD,1996-03-21,TRIAD GROUP PLC,Technology,Technology,United Kingdom,10.515914,0.1,7.010609333333334,2.066666666666667,2017-03-01
113230,2017,3,VOD,1988-10-26,VODAFONE GROUP PLC,Telecommunications,Telecommunications,United Kingdom,55399.000378,-0.1,-20.809481022462627,1.7891593418976786,2017-03-01
113306,2017,3,ZOO,2001-05-14,ZOO DIGITAL GROUP PLC,Technology,Technology,United Kingdom,3.266066,0.02,4.948584848484849,0.4848484848484849,2017-03-01
115414,2016,12,ACSO,2002-04-24,ACCESSO TECHNOLOGY GRP PLC         ,Software & Computer Services,Software,United Kingdom,320.2173,0.34,42.809799465240644,4.681818181818182,2016-12-01
115493,2016,12,ANP,2006-11-28,ANPARIO PLC                        ,Pharmaceuticals & Biotechnology,Biotechnology,United Kingdom,60.29699045,0.19,13.797938318077804,1.0434782608695652,2016-12-01
115541,2016,12,ATQT,2014-08-19,ATTRAQT GROUP PLC                  ,Software & Computer Services,Software,United Kingdom,13.336458300000002,-0.06,-7.938368035714285,0.1275,2016-12-01
115553,2016,12,AVN,2007-04-16,AVANTI COMMUNICATIONS GROUP PLC    ,Mobile Telecommunications,Mobile Telecommunications,United Kingdom,31.69021525,-0.49,-0.4399585624045537,0.564625850340136,2016-12-01
115563,2016,12,BSD,1998-06-08,B.S.D CROWN LTD                    ,Software & Computer Services,Internet,Israel,0.0,-0.09,-0.0,2.6909090909090905,2016-12-01
115573,2016,12,BGO,2005-06-30,BANGO                              ,Software & Computer Services,Internet,United Kingdom,40.9376295,-0.06,-10.496828076923078,0.04030769230769232,2016-12-01
115612,2016,12,BST,2016-12-19,BIG SOFA TECHNOLOGIES GROUP PLC,Software & Computer Services,Software,United Kingdom,11.91815184,-0.06,-3.484839719298246,0.013333333333333334,2016-12-01
115659,2016,12,BRY,2004-06-28,BRADY                              ,Software & Computer Services,Software,United Kingdom,58.81673436,-0.03,-23.62117845783133,0.3012048192771085,2016-12-01
115664,2016,12,BBSN,2013-11-12,BRAVE BISON GROUP PLC              ,Software & Computer Services,Computer Services,United Kingdom,17.87561609,-0.01,-3.1251077080419583,0.03146853146853147,2016-12-01
115736,2016,12,CNIC,2013-09-02,CENTRALNIC GROUP PLC               ,Software & Computer Services,Internet,United Kingdom,45.07034356,0.01,46.94827454166666,0.22916666666666666,2016-12-01
115762,2016,12,CIR,2014-03-18,CIRCASSIA PHARMACEUTICALS PLC      ,Pharmaceuticals & Biotechnology,Biotechnology,United Kingdom,265.918401,0.14,6.664621578947368,0.08070175438596491,2016-12-01
115780,2016,12,CBUY,2005-12-14,CLOUDBUY PLC                       ,Software & Computer Services,Software,United Kingdom,4.375591885,-0.03,-1.1219466371794873,0.013153846153846151,2016-12-01
115781,2016,12,CALL,2012-09-26,CLOUDCALL GROUP PLC                ,Software & Computer Services,Software,United Kingdom,13.540734900000002,-0.2,-3.385183725,0.243,2016-12-01
115799,2016,12,CCC,2013-06-12,COMPUTACENTER                      ,Software & Computer Services,Computer Services,United Kingdom,1052.748256,0.54,15.849868352905753,26.382113821138212,2016-12-01
115802,2016,12,CNC,1996-07-04,CONCURRENT TECHNOLOGIES            ,Technology Hardware & Equipment,Computer Hardware,United Kingdom,45.0309038,0.05,12.337233917808216,0.2191780821917808,2016-12-01
115815,2016,12,CNS,2011-03-02,CORERO NETWORK SECURITY PLC        ,Software & Computer Services,Software,United Kingdom,17.79904368,-0.06,-1.4613336354679805,0.04320197044334975,2016-12-01
115860,2016,12,DFX,2015-12-03,DEFENX PLC                         ,Software & Computer Services,Software,United Kingdom,7.84220346,0.21,4.332230394431555,0.8225058004640372,2016-12-01
115873,2016,12,DSG,2006-06-15,DILLISTONE GROUP                   ,Software & Computer Services,Software,United Kingdom,18.55464192,0.03,30.924403200000004,0.4980000000000001,2016-12-01
115897,2016,12,DRX,2005-12-15,DRAX GROUP                         ,Electricity,Electricity,United Kingdom,1516.620466,0.57,6.537438967196863,7.248157248157248,2016-12-01
115920,2016,12,ECSC,2016-12-14,ECSC GROUP PLC                     ,Software & Computer Services,Computer Services,United Kingdom,19.74211755,0.03,73.20028754171302,0.5016685205784205,2016-12-01
115921,2016,12,EDEN,2012-05-11,EDEN RESEARCH                      ,Pharmaceuticals & Biotechnology,Biotechnology,United Kingdom,19.82838993,-0.01,-10.718048610810813,0.002108108108108108,2016-12-01
115946,2016,12,EMIS,2010-03-29,EMIS GROUP PLC                     ,Software & Computer Services,Computer Services,United Kingdom,610.6384144,0.39,24.85300831908832,2.523809523809524,2016-12-01
115962,2016,12,ERGO,2014-07-15,ERGOMED PLC                        ,Pharmaceuticals & Biotechnology,Biotechnology,United Kingdom,61.76982915,0.02,75.32905993902439,0.951219512195122,2016-12-01
115999,2016,12,FARN,2015-11-17,FARON PHARMACEUTICALS OY           ,Pharmaceuticals & Biotechnology,Biotechnology,Finland,69.7260156,-0.42,-6.385166263736264,0.03653846153846154,2016-12-01
116002,2016,12,FDM,2014-06-20,FDM GROUP PLC                      ,Software & Computer Services,Computer Services,United Kingdom,607.4739089,0.24,23.43649339891975,1.75,2016-12-01
116074,2016,12,GAMA,2014-10-10,GAMMA COMMUNICATIONS PLC           ,Mobile Telecommunications,Mobile Telecommunications,United Kingdom,428.17235530000005,0.19,24.49498600114417,2.3260869565217392,2016-12-01
116121,2016,12,GOOD,2012-07-30,GOOD ENERGY GROUP PLC              ,Electricity,Alternative Electricity,United Kingdom,45.14791708,0.13,21.705729365384613,5.625,2016-12-01
116141,2016,12,GHT,1995-02-27,GRESHAM TECHNOLOGIES PLC           ,Software & Computer Services,Software,United Kingdom,82.38916651,0.05,24.593781047761198,0.2537313432835821,2016-12-01
116217,2016,12,HZD,2014-03-27,HORIZON DISCOVERY GROUP PLC        ,Pharmaceuticals & Biotechnology,Biotechnology,United Kingdom,137.1539765,-0.11,-13.124782440191385,0.25263157894736843,2016-12-01
116231,2016,12,HVO,2012-05-03,HVIVO PLC                          ,Pharmaceuticals & Biotechnology,Biotechnology,United Kingdom,130.4287986,-0.23,-7.270278628762541,0.2564102564102564,2016-12-01
116255,2016,12,IMM,2006-02-17,IMMUPHARMA                         ,Pharmaceuticals & Biotechnology,Biotechnology,United Kingdom,64.8320114,-0.05,-10.373121824,0.00128,2016-12-01
116270,2016,12,IND,2003-12-15,INDIGOVISION GROUP                 ,Software & Computer Services,Computer Services,United Kingdom,12.56099092,-0.34,-4.854676864806369,6.04467805519054,2016-12-01
116278,2016,12,ING,2007-02-28,INGENTA PLC                        ,Software & Computer Services,Software,United Kingdom,28.37233088,0.08,20.862008,0.8823529411764706,2016-12-01
116281,2016,12,ISAT,2005-06-22,INMARSAT                           ,Mobile Telecommunications,Mobile Telecommunications,United Kingdom,3378.429362,0.54,13.841483784005243,2.9402654867256635,2016-12-01
116286,2016,12,INS,2010-10-13,INSTEM PLC                         ,Software & Computer Services,Computer Services,United Kingdom,35.09135833,0.04,54.830247390625,1.125,2016-12-01
116292,2016,12,IBM,1973-07-19,INTERNATIONAL BUS MACH CORP        ,Software & Computer Services,Computer Services,United States,82238.42244,13.0,6.6871379443812,84.48097251585624,2016-12-01
116445,2016,12,LOOP,2016-08-24,LOOPUP GROUP PLC                   ,Software & Computer Services,Software,United Kingdom,49.14493208,0.01,119.865688,0.3414634146341464,2016-12-01
116463,2016,12,MAIL,2010-11-11,MAIL.RU GROUP LTD                  ,Software & Computer Services,Internet,British Virgin Islands,3108.833334,18.0,0.7886436666666667,182.6529680365297,2016-12-01
116518,2016,12,MPH,2016-06-09,MEREO BIOPHARMA GROUP PLC          ,Pharmaceuticals & Biotechnology,Biotechnology,United Kingdom,172.1116347,-0.63,-4.268641733630951,0.0,2016-12-01
116529,2016,12,MTPH,2014-12-08,MIDATECH PHARMA PLC                ,Pharmaceuticals & Biotechnology,Biotechnology,United Kingdom,57.2218608,-0.17,-6.731983623529412,0.0264,2016-12-01
116554,2016,12,MBT,2006-03-08,MOBILE TORNADO GROUP               ,Mobile Telecommunications,Mobile Telecommunications,United Kingdom,17.01928174,-0.01,-6.8626136048387085,0.00814516129032258,2016-12-01
116574,2016,12,MTFB,2015-04-02,MOTIF BIO PLC                      ,Pharmaceuticals & Biotechnology,Biotechnology,United Kingdom,48.44602818,-0.35,-0.7062103233236152,0.0,2016-12-01
116578,2016,12,MPM,2013-12-18,MPORIUM GROUP PLC                  ,Software & Computer Services,Software,United Kingdom,66.13370002,-0.01,-12.86647860311284,0.0035408560311284048,2016-12-01
116580,2016,12,MWE,2006-03-16,MTI WIRELESS EDGE                  ,Technology Hardware & Equipment,Telecommunications Equipment,Israel,10.8810429,0.02,10.46254125,0.4423076923076923,2016-12-01
116694,2016,12,OSI,2016-04-15,OSIRIUM TECHNOLOGIES PLC           ,Software & Computer Services,Software,United Kingdom,14.03237925,-0.13,-10.794137884615383,0.048,2016-12-01
116723,2016,12,PTY,2013-07-05,PARITY GROUP                       ,Software & Computer Services,Computer Services,United Kingdom,9.94977945,0.01,9.754685735294117,0.9019607843137256,2016-12-01
116737,2016,12,PEN,1998-03-12,PENNANT INTERNATIONAL GROUP        ,Software & Computer Services,Software,United Kingdom,23.92894679,0.07,10.358851424242424,0.5151515151515151,2016-12-01
116807,2016,12,PRM,1995-10-03,PROTEOME SCIENCES PLC              ,Pharmaceuticals & Biotechnology,Biotechnology,United Kingdom,16.18236576,-0.01,-5.504206040816326,0.009319727891156464,2016-12-01
116832,2016,12,QTX,2014-11-06,QUARTIX HLDGS PLC                  ,Software & Computer Services,Software,United Kingdom,161.3748936,0.13,26.41160288052373,0.4893617021276596,2016-12-01
116834,2016,12,QXT,2013-05-21,QUIXANT PLC                        ,Technology Hardware & Equipment,Computer Hardware,United Kingdom,227.1426175,0.14,24.9607271978022,1.3846153846153846,2016-12-01
116964,2016,12,SSY,1997-09-25,SCISYS PLC                         ,Software & Computer Services,Computer Services,United Kingdom,31.851814500000003,0.09,12.203760344827588,1.5862068965517242,2016-12-01
116971,2016,12,SDL,1999-12-07,SDL                                ,Software & Computer Services,Software,United Kingdom,356.717596,0.22,19.77370266075388,3.231707317073171,2016-12-01
117006,2016,12,SRC,2005-08-03,SIGMAROC PLC                       ,Mobile Telecommunications,Mobile Telecommunications,United Kingdom,0.0,-0.76,-0.0,0.015384615384615384,2016-12-01
117007,2016,12,SLN,2010-01-05,SILENCE THERAPEUTICS PLC           ,Pharmaceuticals & Biotechnology,Biotechnology,United Kingdom,69.801624,-0.12,-8.309717142857144,0.011,2016-12-01
117008,2016,12,SIM,2006-11-02,SIMIGON LTD                        ,Software & Computer Services,Software,Israel,10.02186666,0.01,19.650718941176468,0.1180392156862745,2016-12-01
117013,2016,12,SSA,2005-02-14,SISTEMA PJSFC                      ,Mobile Telecommunications,Mobile Telecommunications,Russian Federation,3527.1522,1.2,0.31279062466744706,72.45546450994998,2016-12-01
117031,2016,12,SPE,1996-09-10,SOPHEON                            ,Software & Computer Services,Software,United Kingdom,25.7647775,0.59,5.9333035878776705,3.125,2016-12-01
117045,2016,12,SPT,2055-07-13,SPIRENT COMMUNICATIONS             ,Technology Hardware & Equipment,Telecommunications Equipment,United Kingdom,605.5790188,0.08,12.368852508169933,0.7483660130718954,2016-12-01
117069,2016,12,STAR,2013-02-27,STARCOM PLC                        ,Software & Computer Services,Software,Jersey,5.584551245,-0.02,-1.8250167467320264,0.033529411764705884,2016-12-01
117073,2016,12,SOG,2003-06-16,STATPRO GROUP                      ,Software & Computer Services,Software,United Kingdom,70.9239825,0.02,54.556909615384605,0.5846153846153846,2016-12-01
117127,2016,12,TECH,2015-03-16,TECHFINANCIALS INC                 ,Software & Computer Services,Software,British Virgin Islands,7.039038978,0.06,1.700250960869565,0.3043478260869565,2016-12-01
117134,2016,12,TCM,2005-04-04,TELIT COMMUNICATIONS PLC           ,Technology Hardware & Equipment,Telecommunications Equipment,United Kingdom,290.0425413000001,0.14,17.859762395320192,3.189655172413793,2016-12-01
117138,2016,12,TERN,2011-08-31,TERN PLC                           ,Software & Computer Services,Software,United Kingdom,7.999522402999999,0.06,1.1203812889355742,0.05134453781512605,2016-12-01
117158,2016,12,TRX,2010-06-29,TISSUE REGENIX GROUP PLC           ,Pharmaceuticals & Biotechnology,Biotechnology,United Kingdom,155.82547409999995,-0.01,-20.50335185526316,0.0018947368421052629,2016-12-01
117160,2016,12,TILS,2014-04-24,TIZIANA LIFE SCIENCES PLC          ,Pharmaceuticals & Biotechnology,Biotechnology,United Kingdom,181.7072969,-0.08,-24.163204375,0.0,2016-12-01
117173,2016,12,TST,2005-10-24,TOUCHSTAR PLC                      ,Technology Hardware & Equipment,Computer Hardware,United Kingdom,6.65573125,0.07,14.627980769230769,1.1723076923076925,2016-12-01
117190,2016,12,TRB,2016-05-03,TRIBAL GROUP                       ,Software & Computer Services,Software,United Kingdom,113.3205734,0.01,58.113114564102574,0.4615384615384616,2016-12-01
117226,2016,12,USY,1970-01-29,UNISYS CORP                        ,Software & Computer Services,Computer Services,United States,518.8020552,-0.95,-10.922148530526316,56.42,2016-12-01
117242,2016,12,VAL,2006-10-03,VALIRX PLC                         ,Pharmaceuticals & Biotechnology,Biotechnology,United Kingdom,4.37079888,-0.09,-0.5851136385542168,0.0,2016-12-01
117255,2016,12,VRP,2006-09-19,VERONA PHARMA PLC                  ,Pharmaceuticals & Biotechnology,Biotechnology,United Kingdom,79.28431597,-0.15,-10.363962871895424,0.0,2016-12-01
117285,2016,12,WAND,2012-06-01,WANDISCO PLC                       ,Software & Computer Services,Software,Jersey,76.14986850000003,-0.28,-7.350373407335906,0.2972972972972973,2016-12-01
117287,2016,12,WTG,2011-05-17,WATCHSTONE GROUP PLC               ,Software & Computer Services,Computer Services,United Kingdom,85.23023688,-1.34,-1.3827098780012976,0.9347826086956522,2016-12-01
117383,2018,11,ACC,2005-06-28,ACCESS INTELLIGENCE PLC,Technology,Technology,United Kingdom,35.27,-0.02,-27.554687500000004,0.13890625,2018-11-01
117452,2018,11,AMO,2004-06-09,AMINO TECHNOLOGIES PLC,Technology,Technology,United Kingdom,86.31,0.09,13.136986301369864,1.2191780821917808,2018-11-01
117604,2018,11,BBB,2015-05-12,BIGBLU BROADBAND PLC,Technology,Technology,United Kingdom,55.29,-0.24,-4.041666666666667,0.9649122807017544,2018-11-01
118376,2018,11,KBT,2001-03-28,K3 BUSINESS TECHNOLOGY GROUP PLC,Technology,Technology,United Kingdom,102.0,0.01,237.2093023255814,1.930232558139535,2018-11-01
119148,2018,11,TEK,2014-04-04,TEKCAPITAL PLC,Technology,Technology,United Kingdom,2.85,0.1,0.5277777777777778,0.12648148148148147,2018-11-01
130433,2017,4,IDEA,2012-07-02,IDEAGEN PLC,Technology,Technology,United Kingdom,175.33393600000005,0.01,88.55249292929292,0.13636363636363635,2017-04-01
131092,2017,4,RDT,2014-04-29,ROSSLYN DATA TECHNOLOGIES PLC,Technology,Technology,United Kingdom,4.454027,-0.02,-2.783766875,0.043875,2017-04-01
133716,2015,3,AVV,1996-12-05,AVEVA GROUP                        ,Software & Computer Services,Software,United Kingdom,946.35714,0.67,22.069895988805968,3.265625,2015-03-01
133799,2015,3,BT.A,1984-12-03,BT GROUP                           ,Fixed Line Telecommunications,Fixed Line Telecommunications,United Kingdom,36657.17333,0.35,12.510126725138216,2.132226469182992,2015-03-01
134501,2015,3,SSE,1991-06-18,SSE PLC                            ,Electricity,Electricity,United Kingdom,15025.93377,0.66,22.92705570813879,31.877139979859013,2015-03-01
134528,2015,3,TALK,2010-03-29,TALK TALK TELECOM GROUP PLC        ,Fixed Line Telecommunications,Fixed Line Telecommunications,United Kingdom,3145.655364,0.07,47.0554280329095,1.8795811518324608,2015-03-01
134537,2015,3,TEP,2000-07-26,TELECOM PLUS                       ,Fixed Line Telecommunications,Fixed Line Telecommunications,United Kingdom,684.5506956,0.41,20.870448036585366,9.1125,2015-03-01
134558,2015,3,TRD,1996-03-21,TRIAD GROUP                        ,Software & Computer Services,Computer Services,United Kingdom,1.590705795,0.02,5.30235265,1.5333333333333334,2015-03-01
134601,2015,3,VOD,1988-10-26,VODAFONE GROUP                     ,Mobile Telecommunications,Mobile Telecommunications,United Kingdom,63627.88521,0.29,8.275743087060121,1.825022631261316,2015-03-01
135298,2018,5,FTC,1994-10-24,FILTRONIC PLC,Technology,Technology,United Kingdom,18.83,0.01,9.09661835748792,0.11594202898550725,2018-05-01
135892,2018,5,NCC,2007-07-13,NCC GROUP PLC,Technology,Technology,United Kingdom,590.24,0.1,21.231654676258994,0.8381294964028777,2018-05-01
138783,2014,12,ACSO,2002-04-24,ACCESSO TECHNOLOGY GRP PLC         ,Software & Computer Services,Software,United Kingdom,127.5532245,0.18,32.21041022727273,3.4090909090909087,2014-12-01
138876,2014,12,ANP,2006-11-28,ANPARIO PLC                        ,Pharmaceuticals & Biotechnology,Biotechnology,United Kingdom,57.1299246,0.16,17.8531014375,1.15,2014-12-01
138928,2014,12,ATQT,2014-08-19,ATTRAQT GROUP PLC                  ,Software & Computer Services,Software,United Kingdom,11.03490679,-0.06,-8.757862531746031,0.09952380952380953,2014-12-01
138943,2014,12,AVN,2007-04-16,AVANTI COMMUNICATIONS GROUP PLC    ,Mobile Telecommunications,Mobile Telecommunications,United Kingdom,293.3534653,-0.81,-3.2336140354938268,0.5892857142857143,2014-12-01
138956,2014,12,BSD,1998-06-08,B.S.D CROWN LTD                    ,Software & Computer Services,Internet,Israel,49.77875735,-0.17,-2.66196563368984,1.9272727272727272,2014-12-01
138968,2014,12,BGO,2005-06-30,BANGO                              ,Software & Computer Services,Internet,United Kingdom,55.73362679999999,-0.11,-9.743641048951053,0.09788461538461538,2014-12-01
138988,2014,12,BVC,1999-07-12,BATM ADVANCED COMMUNICATIONS       ,Technology Hardware & Equipment,Telecommunications Equipment,Israel,62.66854438,-0.01,-15.55050729032258,0.2704714640198511,2014-12-01
139116,2014,12,GAMA,2014-10-10,GAMMA COMMUNICATIONS LTD           ,Mobile Telecommunications,Mobile Telecommunications,United Kingdom,212.9125504,0.12,19.935632059925094,1.9438202247191008,2014-12-01
139140,2014,12,GINV,2014-07-02,GLOBAL INVACOM GROUP LTD           ,Technology Hardware & Equipment,Telecommunications Equipment,Singapore,58.24547417,0.02,10.826296314126397,0.4981412639405205,2014-12-01
139159,2014,12,BRY,2004-06-28,BRADY                              ,Software & Computer Services,Software,United Kingdom,64.46478131,0.02,39.30779348170732,0.3780487804878049,2014-12-01
139244,2014,12,CNIC,2013-09-02,CENTRALNIC GROUP PLC               ,Software & Computer Services,Internet,United Kingdom,26.30810821,0.01,43.12804624590164,0.09950819672131148,2014-12-01
139274,2014,12,CIR,2014-03-18,CIRCASSIA PHARMACEUTICALS PLC      ,Pharmaceuticals & Biotechnology,Biotechnology,United Kingdom,522.4398815000002,-0.21,-13.163010367850845,0.0,2014-12-01
139293,2014,12,CBUY,2005-12-14,CLOUDBUY PLC                       ,Software & Computer Services,Software,United Kingdom,29.76954162,-0.04,-6.150731739669419,0.017520661157024796,2014-12-01
139309,2014,12,CCC,2013-06-12,COMPUTACENTER                      ,Software & Computer Services,Computer Services,United Kingdom,874.7022232,0.53,13.417736204939409,25.268292682926827,2014-12-01
139312,2014,12,CNC,1996-07-04,CONCURRENT TECHNOLOGIES            ,Technology Hardware & Equipment,Computer Hardware,United Kingdom,32.32056805,0.03,14.758250251141552,0.1780821917808219,2014-12-01
139329,2014,12,CNS,2011-03-02,CORERO NETWORK SECURITY PLC        ,Software & Computer Services,Software,United Kingdom,17.92379948,-0.11,-1.4046864796238243,0.06448275862068965,2014-12-01
139357,2014,12,CYAN,2005-12-07,CYAN HLDGS PLC                     ,Technology Hardware & Equipment,Telecommunications Equipment,United Kingdom,12.95118714,-0.17,-3.462884262032085,0.008636363636363636,2014-12-01
139392,2014,12,DSG,2006-06-15,DILLISTONE GROUP                   ,Software & Computer Services,Software,United Kingdom,18.74791944,0.07,14.096180030075187,0.4542105263157895,2014-12-01
139418,2014,12,DRX,2005-12-15,DRAX GROUP                         ,Electricity,Electricity,United Kingdom,1848.519149,0.4,11.410612030864195,6.925925925925926,2014-12-01
139443,2014,12,EDEN,2012-05-11,EDEN RESEARCH                      ,Pharmaceuticals & Biotechnology,Biotechnology,United Kingdom,12.77185887,-0.02,-4.146707425324675,0.0006493506493506495,2014-12-01
139471,2014,12,EMIS,2010-03-29,EMIS GROUP PLC                     ,Software & Computer Services,Computer Services,United Kingdom,550.8091452000001,0.36,24.28611751322752,2.1904761904761907,2014-12-01
139494,2014,12,ERGO,2014-07-15,ERGOMED PLC                        ,Pharmaceuticals & Biotechnology,Biotechnology,United Kingdom,43.84375,0.04,37.79633620689656,0.7241379310344828,2014-12-01
139536,2014,12,FDM,2014-06-20,FDM GROUP PLC                      ,Software & Computer Services,Computer Services,United Kingdom,375.9080804,0.16,21.75393983796297,1.1388888888888888,2014-12-01
139557,2014,12,GOOD,2012-07-30,GOOD ENERGY GROUP PLC              ,Electricity,Alternative Electricity,United Kingdom,30.94926056,0.17,12.136964925490195,3.8666666666666663,2014-12-01
139578,2014,12,GHT,1995-02-27,GRESHAM COMPUTING                  ,Software & Computer Services,Software,United Kingdom,53.43228891,0.02,42.4065785,0.20634920634920634,2014-12-01
139659,2014,12,HZD,2014-03-27,HORIZON DISCOVERY GROUP PLC        ,Pharmaceuticals & Biotechnology,Biotechnology,United Kingdom,157.4156183,-0.08,-25.226861907051287,0.15384615384615385,2014-12-01
139697,2014,12,IMM,2006-02-17,IMMUPHARMA                         ,Pharmaceuticals & Biotechnology,Biotechnology,United Kingdom,45.2174415,-0.03,-16.935371348314607,0.00202247191011236,2014-12-01
139714,2014,12,IND,2003-12-15,INDIGOVISION GROUP                 ,Software & Computer Services,Computer Services,United Kingdom,27.50554337,0.61,5.933033513805005,10.789473684210527,2014-12-01
139725,2014,12,ISAT,2005-06-22,INMARSAT                           ,Mobile Telecommunications,Mobile Telecommunications,United Kingdom,3586.697872,0.77,10.39743121521336,2.8705357142857144,2014-12-01
139731,2014,12,INS,2010-10-13,INSTEM PLC                         ,Software & Computer Services,Computer Services,United Kingdom,16.18124318,0.02,67.42184658333333,1.0833333333333333,2014-12-01
139739,2014,12,IBM,1973-07-19,INTERNATIONAL BUS MACH CORP        ,Software & Computer Services,Computer Services,United States,62516.0974,17.0,3.710814827565738,93.63572149344095,2014-12-01
139935,2014,12,MAIL,2010-11-11,MAIL.RU GROUP LTD                  ,Software & Computer Services,Internet,British Virgin Islands,1886.654252,82.0,0.1106152821294559,155.41826923076925,2014-12-01
140003,2014,12,MTPH,2014-12-08,MIDATECH PHARMA PLC                ,Pharmaceuticals & Biotechnology,Biotechnology,United Kingdom,73.2378751,-0.96,-2.7246233296130957,0.005714285714285714,2014-12-01
140028,2014,12,MBT,2006-03-08,MOBILE TORNADO GROUP               ,Mobile Telecommunications,Mobile Telecommunications,United Kingdom,18.56688809,-0.01,-8.251950262222222,0.007777777777777778,2014-12-01
140213,2014,12,PTY,2013-07-05,PARITY GROUP                       ,Software & Computer Services,Computer Services,United Kingdom,16.34252948,0.01,16.022087725490195,0.9019607843137256,2014-12-01
140230,2014,12,PEN,1998-03-12,PENNANT INTERNATIONAL GROUP        ,Software & Computer Services,Software,United Kingdom,22.12235424,0.12,7.0904981538461564,0.6923076923076923,2014-12-01
140265,2014,12,PTEC,2012-07-02,PLAYTECH PLC                       ,Software & Computer Services,Software,Isle of Man,1993.191757,0.48,14.172296338168376,1.5597269624573378,2014-12-01
140314,2014,12,PRM,1995-10-03,PROTEOME SCIENCES PLC              ,Pharmaceuticals & Biotechnology,Biotechnology,United Kingdom,57.8085174,-0.02,-13.506662943925233,0.007289719626168225,2014-12-01
140341,2014,12,QTX,2014-11-06,QUARTIX HLDGS PLC                  ,Software & Computer Services,Software,United Kingdom,70.50492,0.09,16.667829787234044,0.3191489361702128,2014-12-01
140345,2014,12,QXT,2013-05-21,QUIXANT PLC                        ,Technology Hardware & Equipment,Computer Hardware,United Kingdom,87.2569557,0.09,14.915718923076925,0.4923076923076923,2014-12-01
140481,2014,12,SSY,1997-09-25,SCISYS PLC                         ,Software & Computer Services,Computer Services,United Kingdom,26.92926135,0.08,11.607440237068966,1.3793103448275863,2014-12-01
140487,2014,12,SDL,1999-12-07,SDL                                ,Software & Computer Services,Software,United Kingdom,333.82988860000006,0.08,51.51695811728396,3.2098765432098766,2014-12-01
140523,2014,12,SLN,2010-01-05,SILENCE THERAPEUTICS PLC           ,Pharmaceuticals & Biotechnology,Biotechnology,United Kingdom,107.3221045,-0.22,-9.38130284090909,0.0003846153846153846,2014-12-01
140524,2014,12,SIM,2006-11-02,SIMIGON LTD                        ,Software & Computer Services,Software,Israel,10.51673469,0.03,7.0111564600000005,0.1664,2014-12-01
140530,2014,12,SSA,2005-02-14,SISTEMA JSFC                       ,Mobile Telecommunications,Mobile Telecommunications,Russian Federation,1612.744429,-2.52,-0.06782301271893525,68.48972022043239,2014-12-01
140553,2014,12,SPE,1996-09-10,SOPHEON                            ,Software & Computer Services,Software,United Kingdom,2.875205,-0.21,-1.88069400837258,2.4725274725274726,2014-12-01
140568,2014,12,SPT,2055-07-13,SPIRENT COMMUNICATIONS             ,Technology Hardware & Equipment,Telecommunications Equipment,United Kingdom,464.5327663,0.04,18.97601169526144,0.7467320261437909,2014-12-01
140593,2014,12,STAR,2013-02-27,STARCOM PLC                        ,Software & Computer Services,Software,Jersey,10.97633329,-0.03,-4.355687813492064,0.059642857142857136,2014-12-01
140597,2014,12,SOG,2003-06-16,STATPRO GROUP                      ,Software & Computer Services,Software,United Kingdom,48.89157125,0.02,36.48624720149254,0.4776119402985074,2014-12-01
140664,2014,12,TCM,2005-04-04,TELIT COMMUNICATIONS PLC           ,Technology Hardware & Equipment,Telecommunications Equipment,United Kingdom,254.1827362,0.12,18.58060937134503,2.5789473684210527,2014-12-01
140685,2014,12,TRX,2010-06-29,TISSUE REGENIX GROUP PLC           ,Pharmaceuticals & Biotechnology,Biotechnology,United Kingdom,132.4599138,-0.01,-20.28482600306279,1.5313935681470134e-05,2014-12-01
140687,2014,12,TILS,2014-04-24,TIZIANA LIFE SCIENCES PLC          ,Pharmaceuticals & Biotechnology,Biotechnology,United Kingdom,43.60624068,-0.12,-4.275121635294118,0.0,2014-12-01
140755,2014,12,USY,1970-01-29,UNISYS CORP                        ,Software & Computer Services,Computer Services,United States,778.0339886,0.89,17.483909856179775,67.12,2014-12-01
140771,2014,12,VAL,2006-10-03,VALIRX PLC                         ,Pharmaceuticals & Biotechnology,Biotechnology,United Kingdom,6.618110657000001,-0.1,-2.7575461070833334,0.00375,2014-12-01
140785,2014,12,VRP,2006-09-19,VERONA PHARMA PLC                  ,Pharmaceuticals & Biotechnology,Biotechnology,United Kingdom,11.77162118,-0.16,-3.67863161875,0.0,2014-12-01
140815,2014,12,WAND,2012-06-01,WANDISCO PLC                       ,Software & Computer Services,Software,Jersey,124.0639259,-1.55,-3.3350517715053765,0.4583333333333333,2014-12-01
141162,2018,10,PRSM,2016-03-18,BLUE PRISM GROUP PLC,Technology,Technology,United Kingdom,1162.15,-0.4,-43.36380597014925,0.8208955223880597,2018-10-01
141765,2018,10,IDOX,2007-06-05,IDOX PLC,Technology,Technology,United Kingdom,137.09,-0.01,-33.03373493975904,0.1614457831325301,2018-10-01
142052,2018,10,MCRO,2014-11-20,MICRO FOCUS INTERNATIONAL PLC,Technology,Technology,United Kingdom,5202.27,2.05,7.168623398098389,13.429378531073446,2018-10-01
145020,2015,12,ACSO,2002-04-24,ACCESSO TECHNOLOGY GRP PLC         ,Software & Computer Services,Software,United Kingdom,178.254297,0.24,33.76028352272727,4.227272727272728,2015-12-01
145106,2015,12,ANP,2006-11-28,ANPARIO PLC                        ,Pharmaceuticals & Biotechnology,Biotechnology,United Kingdom,73.150595,0.17,19.55898262032085,1.0454545454545454,2015-12-01
145144,2015,12,ATQT,2014-08-19,ATTRAQT GROUP PLC                  ,Software & Computer Services,Software,United Kingdom,16.7042508,-0.03,-19.88601285714286,0.10392857142857144,2015-12-01
145159,2015,12,AVN,2007-04-16,AVANTI COMMUNICATIONS GROUP PLC    ,Mobile Telecommunications,Mobile Telecommunications,United Kingdom,252.0477585,-0.61,-2.9098101881782497,0.5985915492957746,2015-12-01
145188,2015,12,BSD,1998-06-08,B.S.D CROWN LTD                    ,Software & Computer Services,Internet,Israel,21.44809914,-0.64,-0.30466049914772725,2.890909090909091,2015-12-01
145200,2015,12,BGO,2005-06-30,BANGO                              ,Software & Computer Services,Internet,United Kingdom,57.6597552,-0.09,-10.010374166666667,0.0203125,2015-12-01
145218,2015,12,BVC,1999-07-12,BATM ADVANCED COMMUNICATIONS       ,Technology Hardware & Equipment,Telecommunications Equipment,Israel,71.19146641,-0.03,-5.888458760132343,0.24069478908188585,2015-12-01
145292,2015,12,BRY,2004-06-28,BRADY                              ,Software & Computer Services,Software,United Kingdom,45.8028956,-0.02,-27.592105783132528,0.3253012048192771,2015-12-01
145373,2015,12,CNIC,2013-09-02,CENTRALNIC GROUP PLC               ,Software & Computer Services,Internet,United Kingdom,44.62362829,0.01,48.50394379347826,0.10869565217391304,2015-12-01
145399,2015,12,CIR,2014-03-18,CIRCASSIA PHARMACEUTICALS PLC      ,Pharmaceuticals & Biotechnology,Biotechnology,United Kingdom,903.2738878,-0.2,-15.846910312280702,0.038596491228070184,2015-12-01
145416,2015,12,CBUY,2005-12-14,CLOUDBUY PLC                       ,Software & Computer Services,Software,United Kingdom,11.37479502,-0.05,-1.777311721875,0.013671875,2015-12-01
145431,2015,12,CCC,2013-06-12,COMPUTACENTER                      ,Software & Computer Services,Computer Services,United Kingdom,1121.176893,0.51,17.87305743663319,24.86178861788618,2015-12-01
145434,2015,12,CNC,1996-07-04,CONCURRENT TECHNOLOGIES            ,Technology Hardware & Equipment,Computer Hardware,United Kingdom,43.578294,0.04,14.924073287671233,0.2328767123287671,2015-12-01
145446,2015,12,CNS,2011-03-02,CORERO NETWORK SECURITY PLC        ,Software & Computer Services,Software,United Kingdom,25.67379948,-0.08,-1.9216915778443115,0.04994011976047904,2015-12-01
145472,2015,12,CYAN,2005-12-07,CYAN HLDGS PLC                     ,Technology Hardware & Equipment,Telecommunications Equipment,United Kingdom,10.80962993,-0.15,-2.119535280392157,0.007941176470588236,2015-12-01
145492,2015,12,DFX,2015-12-03,DEFENX PLC                         ,Software & Computer Services,Software,United Kingdom,7.0137488,0.11,10.452680774962742,0.7360655737704919,2015-12-01
145506,2015,12,DSG,2006-06-15,DILLISTONE GROUP                   ,Software & Computer Services,Software,United Kingdom,14.30253648,0.06,11.9187804,0.47200000000000003,2015-12-01
145530,2015,12,DRX,2005-12-15,DRAX GROUP                         ,Electricity,Electricity,United Kingdom,980.8468955,0.44,5.490634211262875,7.549261083743842,2015-12-01
145558,2015,12,EDEN,2012-05-11,EDEN RESEARCH                      ,Pharmaceuticals & Biotechnology,Biotechnology,United Kingdom,23.99345696,-0.01,-15.090224503144652,0.005534591194968554,2015-12-01
145586,2015,12,EMIS,2010-03-29,EMIS GROUP PLC                     ,Software & Computer Services,Computer Services,United Kingdom,720.4836865,0.22,51.98294996392496,2.4761904761904763,2015-12-01
145605,2015,12,ERGO,2014-07-15,ERGOMED PLC                        ,Pharmaceuticals & Biotechnology,Biotechnology,United Kingdom,48.73125,0.06,28.00646551724139,1.0344827586206895,2015-12-01
145645,2015,12,FARN,2015-11-17,FARON PHARMACEUTICALS OY           ,Pharmaceuticals & Biotechnology,Biotechnology,Finland,56.6236748,-0.3,-8.20632968115942,0.022608695652173917,2015-12-01
145649,2015,12,FDM,2014-06-20,FDM GROUP PLC                      ,Software & Computer Services,Computer Services,United Kingdom,561.7789688999999,0.2,26.008285597222233,1.4907407407407407,2015-12-01
145722,2015,12,GAMA,2014-10-10,GAMMA COMMUNICATIONS PLC           ,Mobile Telecommunications,Mobile Telecommunications,United Kingdom,388.30323660000005,0.15,28.763202711111113,2.1333333333333333,2015-12-01
145763,2015,12,GOOD,2012-07-30,GOOD ENERGY GROUP PLC              ,Electricity,Alternative Electricity,United Kingdom,30.689894,-0.01,-204.5992933333333,4.266666666666667,2015-12-01
145784,2015,12,GHT,1995-02-27,GRESHAM COMPUTING                  ,Software & Computer Services,Software,United Kingdom,67.69994646,0.03,35.8200774920635,0.2380952380952381,2015-12-01
145864,2015,12,HZD,2014-03-27,HORIZON DISCOVERY GROUP PLC        ,Pharmaceuticals & Biotechnology,Biotechnology,United Kingdom,126.0811092,-0.11,-12.193530870406187,0.2127659574468085,2015-12-01
145878,2015,12,HVO,2012-05-03,HVIVO PLC                          ,Pharmaceuticals & Biotechnology,Biotechnology,United Kingdom,180.301931,-0.26,-8.89062776134122,0.09897435897435897,2015-12-01
145904,2015,12,IMM,2006-02-17,IMMUPHARMA                         ,Pharmaceuticals & Biotechnology,Biotechnology,United Kingdom,26.598495,-0.04,-7.4714873595505615,0.0008988764044943821,2015-12-01
145920,2015,12,IND,2003-12-15,INDIGOVISION GROUP                 ,Software & Computer Services,Computer Services,United Kingdom,14.7553809,-0.06,-32.315770696452034,6.176084099868593,2015-12-01
145930,2015,12,ISAT,2005-06-22,INMARSAT                           ,Mobile Telecommunications,Mobile Telecommunications,United Kingdom,5100.782339,0.61,18.582085023679426,2.831111111111111,2015-12-01
145934,2015,12,INS,2010-10-13,INSTEM PLC                         ,Software & Computer Services,Computer Services,United Kingdom,29.34848925,0.04,56.43940240384615,1.2307692307692308,2015-12-01
145941,2015,12,IBM,1973-07-19,INTERNATIONAL BUS MACH CORP        ,Software & Computer Services,Computer Services,United States,56996.85468,14.0,4.214496796805679,84.61801242236025,2015-12-01
146129,2015,12,MAIL,2010-11-11,MAIL.RU GROUP LTD                  ,Software & Computer Services,Internet,British Virgin Islands,3170.882019,18.0,0.8043840738203958,173.45205479452054,2015-12-01
146192,2015,12,MTPH,2014-12-08,MIDATECH PHARMA PLC                ,Pharmaceuticals & Biotechnology,Biotechnology,United Kingdom,58.23346218,-0.22,-7.785222216577539,0.04058823529411765,2015-12-01
146216,2015,12,MBT,2006-03-08,MOBILE TORNADO GROUP               ,Mobile Telecommunications,Mobile Telecommunications,United Kingdom,15.47207431,-0.01,-6.238739641129032,0.00911290322580645,2015-12-01
146235,2015,12,MTFB,2015-04-02,MOTIF BIO PLC                      ,Pharmaceuticals & Biotechnology,Biotechnology,United Kingdom,46.42713954,-0.14,-3.0424075714285714,0.0,2015-12-01
146239,2015,12,MPM,2013-12-18,MPORIUM GROUP PLC                  ,Software & Computer Services,Software,United Kingdom,49.314741,-0.02,-5.246249042553191,0.0027021276595744683,2015-12-01
146241,2015,12,MWE,2006-03-16,MTI WIRELESS EDGE                  ,Technology Hardware & Equipment,Telecommunications Equipment,Israel,10.63672294,0.02,10.227618211538461,0.38461538461538464,2015-12-01
146410,2015,12,PEN,1998-03-12,PENNANT INTERNATIONAL GROUP        ,Software & Computer Services,Software,United Kingdom,10.5344544,-0.08,-5.0646415384615375,0.3803846153846154,2015-12-01
146443,2015,12,PTEC,2012-07-02,PLAYTECH PLC                       ,Software & Computer Services,Software,Isle of Man,2650.160753,0.49,16.7445552094522,1.9504643962848296,2015-12-01
146489,2015,12,PRM,1995-10-03,PROTEOME SCIENCES PLC              ,Pharmaceuticals & Biotechnology,Biotechnology,United Kingdom,35.90476029,-0.01,-15.747701881578946,0.008245614035087721,2015-12-01
146518,2015,12,QTX,2014-11-06,QUARTIX HLDGS PLC                  ,Software & Computer Services,Software,United Kingdom,119.1186526,0.11,23.04035833655706,0.425531914893617,2015-12-01
146520,2015,12,QXT,2013-05-21,QUIXANT PLC                        ,Technology Hardware & Equipment,Computer Hardware,United Kingdom,105.6778686,0.1,16.25813363076923,0.6461538461538462,2015-12-01
146614,2015,12,RUR,2006-01-06,RURELEC                            ,Electricity,Electricity,United Kingdom,5.936569652999999,-0.02,-0.5291060296791444,0.0003208556149732621,2015-12-01
146659,2015,12,SSY,1997-09-25,SCISYS PLC                         ,Software & Computer Services,Computer Services,United Kingdom,20.8484604,0.01,71.89124275862069,1.2413793103448276,2015-12-01
146666,2015,12,SDL,1999-12-07,SDL                                ,Software & Computer Services,Software,United Kingdom,335.8017809,0.21,19.74143332745444,2.962962962962963,2015-12-01
146702,2015,12,SLN,2010-01-05,SILENCE THERAPEUTICS PLC           ,Pharmaceuticals & Biotechnology,Biotechnology,United Kingdom,116.4814601,-0.1,-16.640208585714287,0.0,2015-12-01
146703,2015,12,SIM,2006-11-02,SIMIGON LTD                        ,Software & Computer Services,Software,Israel,7.776455832999999,0.04,3.811988153431373,0.13607843137254902,2015-12-01
146709,2015,12,SSA,2005-02-14,SISTEMA JSFC                       ,Mobile Telecommunications,Mobile Telecommunications,Russian Federation,1919.136512,-0.35,-0.5828281438289602,72.15359268707482,2015-12-01
146732,2015,12,SPE,1996-09-10,SOPHEON                            ,Software & Computer Services,Software,United Kingdom,4.476585,0.16,3.8432220123626375,2.8846153846153846,2015-12-01
146746,2015,12,SPT,2055-07-13,SPIRENT COMMUNICATIONS             ,Technology Hardware & Equipment,Telecommunications Equipment,United Kingdom,438.4698718,0.05,14.329080777777778,0.7794117647058824,2015-12-01
146769,2015,12,STAR,2013-02-27,STARCOM PLC                        ,Software & Computer Services,Software,Jersey,2.658243263,-0.02,-0.8687069486928106,0.033529411764705884,2015-12-01
146773,2015,12,SOG,2003-06-16,STATPRO GROUP                      ,Software & Computer Services,Software,United Kingdom,52.01092050000001,0.02,38.24332389705882,0.4411764705882353,2015-12-01
146830,2015,12,TECH,2015-03-16,TECHFINANCIALS INC                 ,Software & Computer Services,Software,British Virgin Islands,9.093239415,-0.01,-13.178607847826084,0.2028985507246377,2015-12-01
146838,2015,12,TCM,2005-04-04,TELIT COMMUNICATIONS PLC           ,Technology Hardware & Equipment,Telecommunications Equipment,United Kingdom,225.178482,0.13,15.062105819397994,2.895652173913044,2015-12-01
146859,2015,12,TRX,2010-06-29,TISSUE REGENIX GROUP PLC           ,Pharmaceuticals & Biotechnology,Biotechnology,United Kingdom,115.9189503,-0.01,-17.72461013761468,0.00015290519877675845,2015-12-01
146861,2015,12,TILS,2014-04-24,TIZIANA LIFE SCIENCES PLC          ,Pharmaceuticals & Biotechnology,Biotechnology,United Kingdom,200.9529263,-0.09,-24.26967708937198,0.0,2015-12-01
146928,2015,12,USY,1970-01-29,UNISYS CORP                        ,Software & Computer Services,Computer Services,United States,356.18170180000016,-2.2,-3.2380154709090903,60.3,2015-12-01
146944,2015,12,VAL,2006-10-03,VALIRX PLC                         ,Pharmaceuticals & Biotechnology,Biotechnology,United Kingdom,8.722088603,-0.03,-7.650954914912281,0.0,2015-12-01
146957,2015,12,VRP,2006-09-19,VERONA PHARMA PLC                  ,Pharmaceuticals & Biotechnology,Biotechnology,United Kingdom,28.20284242,-0.37,-3.8111949216216217,0.0,2015-12-01
146988,2015,12,WAND,2012-06-01,WANDISCO PLC                       ,Software & Computer Services,Software,Jersey,26.47151638,-1.02,-0.8650822346405229,0.3666666666666665,2015-12-01
146989,2015,12,WTG,2011-05-17,WATCHSTONE GROUP PLC               ,Software & Computer Services,Computer Services,United Kingdom,145.2579844,-0.51,-6.191729940323955,1.2608695652173914,2015-12-01
149276,2016,4,AGL,2004-03-17,ANGLE PLC                          ,Pharmaceuticals & Biotechnology,Biotechnology,United Kingdom,37.02758984,-0.08,-7.844828355932202,0.0061016949152542365,2016-04-01
150050,2016,4,IDEA,2012-07-02,IDEAGEN PLC                        ,Software & Computer Services,Software,United Kingdom,94.85061684,0.01,52.98917141899442,0.12290502793296088,2016-04-01
150742,2016,4,RDT,2014-04-29,ROSSLYN DATA TECHNOLOGIES PLC      ,Software & Computer Services,Software,United Kingdom,7.387166865,-0.03,-3.07798619375,0.048375,2016-04-01
150783,2016,4,SCLP,2010-07-30,SCANCELL HLDGS PLC                 ,Pharmaceuticals & Biotechnology,Biotechnology,United Kingdom,42.16152279,-0.01,-16.092184270992366,0.0,2016-04-01
151234,2018,9,ACT,2014-02-13,ACTUAL EXPERIENCE PLC,Technology,Technology,United Kingdom,96.54,-0.16,-13.408333333333333,0.024,2018-09-01
151238,2018,9,AD4,2006-02-15,ADEPT4 PLC ,Technology,Technology,United Kingdom,4.2,-0.01,-1.8502202643171808,0.04405286343612335,2018-09-01
151581,2018,9,CER,2016-03-18,CERILLION PLC,Technology,Technology,United Kingdom,48.84,0.07,23.257142857142853,0.5666666666666667,2018-09-01
152118,2018,9,INX,2018-06-21,I-NEXUS GLOBAL PLC,Technology,Technology,United Kingdom,21.29,-0.04,-17.741666666666667,0.157,2018-09-01
152282,2018,9,LWRF,2008-11-27,LIGHTWAVERF PLC,Technology,Technology,United Kingdom,9.39,-0.04,-3.260416666666667,0.03902777777777778,2018-09-01
152540,2018,9,OMG,2001-04-10,OXFORD METRICS PLC,Technology,Technology,United Kingdom,94.93,0.03,25.31466666666667,0.256,2018-09-01
152799,2018,9,SGE,2013-06-10,SAGE GROUP PLC,Technology,Technology,United Kingdom,6360.3,0.32,18.318836405529954,1.7013824884792628,2018-09-01
152806,2018,9,SND,2004-12-16,SANDERSON GROUP PLC,Technology,Technology,United Kingdom,50.38,0.06,13.994444444444444,0.5333333333333333,2018-09-01
153044,2018,9,TOOP,2016-05-10,TOOPLE PLC,Technology,Technology,United Kingdom,2.77,-0.01,-0.29035639412997905,0.0015828092243186586,2018-09-01
154471,2019,5,NCC,2007-07-13,NCC GROUP PLC,Technology,Technology,United Kingdom,460.08,0.07,23.64234326824255,0.9028776978417268,2019-05-01
